"X1","RatingNo","RatedUnpleasantness","RowNo","valence","instruction"
48,1,9,1,"Negative","Downregulate"
49,1,19,2,"Negative","Downregulate"
50,1,41,3,"Negative","Downregulate"
51,1,20,4,"Negative","Downregulate"
52,1,4,5,"Negative","Downregulate"
53,1,48,6,"Negative","Downregulate"
54,1,42,7,"Negative","Downregulate"
55,1,29,8,"Negative","Downregulate"
56,1,22,9,"Negative","Downregulate"
57,1,24,10,"Negative","Downregulate"
58,1,NA,11,"Negative","Downregulate"
59,1,13,12,"Negative","Downregulate"
60,1,21,13,"Negative","Downregulate"
61,1,15,14,"Negative","Downregulate"
62,1,24,15,"Negative","Downregulate"
63,1,63,16,"Negative","Downregulate"
64,1,96,17,"Negative","Downregulate"
65,1,29,18,"Negative","Downregulate"
66,1,NA,19,"Negative","Downregulate"
67,1,48,20,"Negative","Downregulate"
68,1,1,21,"Negative","Downregulate"
69,1,12,22,"Negative","Downregulate"
70,1,NA,23,"Negative","Downregulate"
71,1,NA,24,"Negative","Downregulate"
72,1,84,25,"Negative","Downregulate"
73,1,NA,26,"Negative","Downregulate"
74,1,NA,27,"Negative","Downregulate"
75,1,9,28,"Negative","Downregulate"
76,1,0,29,"Negative","Downregulate"
77,1,17,30,"Negative","Downregulate"
78,1,36,31,"Negative","Downregulate"
79,1,51,32,"Negative","Downregulate"
80,1,54,33,"Negative","Downregulate"
81,1,0,34,"Negative","Downregulate"
82,1,24,35,"Negative","Downregulate"
83,1,25,36,"Negative","Downregulate"
84,1,10,37,"Negative","Downregulate"
85,1,50,38,"Negative","Downregulate"
86,1,11,39,"Negative","Downregulate"
48,2,11,1,"Negative","Downregulate"
49,2,8,2,"Negative","Downregulate"
50,2,7,3,"Negative","Downregulate"
51,2,29,4,"Negative","Downregulate"
52,2,7,5,"Negative","Downregulate"
53,2,14,6,"Negative","Downregulate"
54,2,33,7,"Negative","Downregulate"
55,2,24,8,"Negative","Downregulate"
56,2,0,9,"Negative","Downregulate"
57,2,41,10,"Negative","Downregulate"
58,2,NA,11,"Negative","Downregulate"
59,2,15,12,"Negative","Downregulate"
60,2,24,13,"Negative","Downregulate"
61,2,0,14,"Negative","Downregulate"
62,2,0,15,"Negative","Downregulate"
63,2,91,16,"Negative","Downregulate"
64,2,3,17,"Negative","Downregulate"
65,2,20,18,"Negative","Downregulate"
66,2,NA,19,"Negative","Downregulate"
67,2,23,20,"Negative","Downregulate"
68,2,10,21,"Negative","Downregulate"
69,2,37,22,"Negative","Downregulate"
70,2,NA,23,"Negative","Downregulate"
71,2,NA,24,"Negative","Downregulate"
72,2,78,25,"Negative","Downregulate"
73,2,NA,26,"Negative","Downregulate"
74,2,NA,27,"Negative","Downregulate"
75,2,14,28,"Negative","Downregulate"
76,2,0,29,"Negative","Downregulate"
77,2,36,30,"Negative","Downregulate"
78,2,9,31,"Negative","Downregulate"
79,2,26,32,"Negative","Downregulate"
80,2,39,33,"Negative","Downregulate"
81,2,0,34,"Negative","Downregulate"
82,2,62,35,"Negative","Downregulate"
83,2,16,36,"Negative","Downregulate"
84,2,33,37,"Negative","Downregulate"
85,2,11,38,"Negative","Downregulate"
86,2,16,39,"Negative","Downregulate"
48,3,12,1,"Negative","Downregulate"
49,3,23,2,"Negative","Downregulate"
50,3,23,3,"Negative","Downregulate"
51,3,19,4,"Negative","Downregulate"
52,3,23,5,"Negative","Downregulate"
53,3,31,6,"Negative","Downregulate"
54,3,64,7,"Negative","Downregulate"
55,3,34,8,"Negative","Downregulate"
56,3,20,9,"Negative","Downregulate"
57,3,46,10,"Negative","Downregulate"
58,3,NA,11,"Negative","Downregulate"
59,3,11,12,"Negative","Downregulate"
60,3,17,13,"Negative","Downregulate"
61,3,24,14,"Negative","Downregulate"
62,3,10,15,"Negative","Downregulate"
63,3,100,16,"Negative","Downregulate"
64,3,100,17,"Negative","Downregulate"
65,3,26,18,"Negative","Downregulate"
66,3,NA,19,"Negative","Downregulate"
67,3,26,20,"Negative","Downregulate"
68,3,39,21,"Negative","Downregulate"
69,3,21,22,"Negative","Downregulate"
70,3,NA,23,"Negative","Downregulate"
71,3,NA,24,"Negative","Downregulate"
72,3,72,25,"Negative","Downregulate"
73,3,NA,26,"Negative","Downregulate"
74,3,NA,27,"Negative","Downregulate"
75,3,13,28,"Negative","Downregulate"
76,3,0,29,"Negative","Downregulate"
77,3,34,30,"Negative","Downregulate"
78,3,56,31,"Negative","Downregulate"
79,3,10,32,"Negative","Downregulate"
80,3,56,33,"Negative","Downregulate"
81,3,11,34,"Negative","Downregulate"
82,3,49,35,"Negative","Downregulate"
83,3,13,36,"Negative","Downregulate"
84,3,11,37,"Negative","Downregulate"
85,3,5,38,"Negative","Downregulate"
86,3,0,39,"Negative","Downregulate"
48,4,17,1,"Negative","Downregulate"
49,4,3,2,"Negative","Downregulate"
50,4,28,3,"Negative","Downregulate"
51,4,8,4,"Negative","Downregulate"
52,4,5,5,"Negative","Downregulate"
53,4,0,6,"Negative","Downregulate"
54,4,41,7,"Negative","Downregulate"
55,4,21,8,"Negative","Downregulate"
56,4,0,9,"Negative","Downregulate"
57,4,47,10,"Negative","Downregulate"
58,4,NA,11,"Negative","Downregulate"
59,4,19,12,"Negative","Downregulate"
60,4,15,13,"Negative","Downregulate"
61,4,22,14,"Negative","Downregulate"
62,4,13,15,"Negative","Downregulate"
63,4,100,16,"Negative","Downregulate"
64,4,52,17,"Negative","Downregulate"
65,4,47,18,"Negative","Downregulate"
66,4,NA,19,"Negative","Downregulate"
67,4,0,20,"Negative","Downregulate"
68,4,17,21,"Negative","Downregulate"
69,4,60,22,"Negative","Downregulate"
70,4,NA,23,"Negative","Downregulate"
71,4,NA,24,"Negative","Downregulate"
72,4,71,25,"Negative","Downregulate"
73,4,NA,26,"Negative","Downregulate"
74,4,NA,27,"Negative","Downregulate"
75,4,28,28,"Negative","Downregulate"
76,4,0,29,"Negative","Downregulate"
77,4,20,30,"Negative","Downregulate"
78,4,11,31,"Negative","Downregulate"
79,4,50,32,"Negative","Downregulate"
80,4,48,33,"Negative","Downregulate"
81,4,17,34,"Negative","Downregulate"
82,4,42,35,"Negative","Downregulate"
83,4,33,36,"Negative","Downregulate"
84,4,15,37,"Negative","Downregulate"
85,4,0,38,"Negative","Downregulate"
86,4,0,39,"Negative","Downregulate"
48,5,23,1,"Negative","Downregulate"
49,5,0,2,"Negative","Downregulate"
50,5,39,3,"Negative","Downregulate"
51,5,10,4,"Negative","Downregulate"
52,5,0,5,"Negative","Downregulate"
53,5,33,6,"Negative","Downregulate"
54,5,38,7,"Negative","Downregulate"
55,5,0,8,"Negative","Downregulate"
56,5,27,9,"Negative","Downregulate"
57,5,14,10,"Negative","Downregulate"
58,5,NA,11,"Negative","Downregulate"
59,5,0,12,"Negative","Downregulate"
60,5,21,13,"Negative","Downregulate"
61,5,11,14,"Negative","Downregulate"
62,5,11,15,"Negative","Downregulate"
63,5,31,16,"Negative","Downregulate"
64,5,67,17,"Negative","Downregulate"
65,5,23,18,"Negative","Downregulate"
66,5,NA,19,"Negative","Downregulate"
67,5,53,20,"Negative","Downregulate"
68,5,57,21,"Negative","Downregulate"
69,5,21,22,"Negative","Downregulate"
70,5,NA,23,"Negative","Downregulate"
71,5,NA,24,"Negative","Downregulate"
72,5,0,25,"Negative","Downregulate"
73,5,NA,26,"Negative","Downregulate"
74,5,NA,27,"Negative","Downregulate"
75,5,15,28,"Negative","Downregulate"
76,5,0,29,"Negative","Downregulate"
77,5,0,30,"Negative","Downregulate"
78,5,71,31,"Negative","Downregulate"
79,5,0,32,"Negative","Downregulate"
80,5,77,33,"Negative","Downregulate"
81,5,29,34,"Negative","Downregulate"
82,5,11,35,"Negative","Downregulate"
83,5,0,36,"Negative","Downregulate"
84,5,0,37,"Negative","Downregulate"
85,5,21,38,"Negative","Downregulate"
86,5,0,39,"Negative","Downregulate"
48,6,23,1,"Negative","Downregulate"
49,6,0,2,"Negative","Downregulate"
50,6,58,3,"Negative","Downregulate"
51,6,6,4,"Negative","Downregulate"
52,6,0,5,"Negative","Downregulate"
53,6,0,6,"Negative","Downregulate"
54,6,52,7,"Negative","Downregulate"
55,6,12,8,"Negative","Downregulate"
56,6,12,9,"Negative","Downregulate"
57,6,14,10,"Negative","Downregulate"
58,6,NA,11,"Negative","Downregulate"
59,6,2,12,"Negative","Downregulate"
60,6,16,13,"Negative","Downregulate"
61,6,14,14,"Negative","Downregulate"
62,6,15,15,"Negative","Downregulate"
63,6,67,16,"Negative","Downregulate"
64,6,44,17,"Negative","Downregulate"
65,6,64,18,"Negative","Downregulate"
66,6,NA,19,"Negative","Downregulate"
67,6,12,20,"Negative","Downregulate"
68,6,5,21,"Negative","Downregulate"
69,6,9,22,"Negative","Downregulate"
70,6,NA,23,"Negative","Downregulate"
71,6,NA,24,"Negative","Downregulate"
72,6,89,25,"Negative","Downregulate"
73,6,NA,26,"Negative","Downregulate"
74,6,NA,27,"Negative","Downregulate"
75,6,6,28,"Negative","Downregulate"
76,6,0,29,"Negative","Downregulate"
77,6,2,30,"Negative","Downregulate"
78,6,32,31,"Negative","Downregulate"
79,6,69,32,"Negative","Downregulate"
80,6,54,33,"Negative","Downregulate"
81,6,9,34,"Negative","Downregulate"
82,6,44,35,"Negative","Downregulate"
83,6,18,36,"Negative","Downregulate"
84,6,10,37,"Negative","Downregulate"
85,6,0,38,"Negative","Downregulate"
86,6,0,39,"Negative","Downregulate"
48,7,12,1,"Negative","Downregulate"
49,7,0,2,"Negative","Downregulate"
50,7,52,3,"Negative","Downregulate"
51,7,13,4,"Negative","Downregulate"
52,7,0,5,"Negative","Downregulate"
53,7,0,6,"Negative","Downregulate"
54,7,8,7,"Negative","Downregulate"
55,7,15,8,"Negative","Downregulate"
56,7,6,9,"Negative","Downregulate"
57,7,19,10,"Negative","Downregulate"
58,7,NA,11,"Negative","Downregulate"
59,7,4,12,"Negative","Downregulate"
60,7,29,13,"Negative","Downregulate"
61,7,0,14,"Negative","Downregulate"
62,7,14,15,"Negative","Downregulate"
63,7,43,16,"Negative","Downregulate"
64,7,55,17,"Negative","Downregulate"
65,7,0,18,"Negative","Downregulate"
66,7,NA,19,"Negative","Downregulate"
67,7,44,20,"Negative","Downregulate"
68,7,7,21,"Negative","Downregulate"
69,7,21,22,"Negative","Downregulate"
70,7,NA,23,"Negative","Downregulate"
71,7,NA,24,"Negative","Downregulate"
72,7,8,25,"Negative","Downregulate"
73,7,NA,26,"Negative","Downregulate"
74,7,NA,27,"Negative","Downregulate"
75,7,0,28,"Negative","Downregulate"
76,7,0,29,"Negative","Downregulate"
77,7,0,30,"Negative","Downregulate"
78,7,0,31,"Negative","Downregulate"
79,7,0,32,"Negative","Downregulate"
80,7,31,33,"Negative","Downregulate"
81,7,10,34,"Negative","Downregulate"
82,7,0,35,"Negative","Downregulate"
83,7,11,36,"Negative","Downregulate"
84,7,38,37,"Negative","Downregulate"
85,7,26,38,"Negative","Downregulate"
86,7,0,39,"Negative","Downregulate"
48,8,29,1,"Negative","Downregulate"
49,8,9,2,"Negative","Downregulate"
50,8,41,3,"Negative","Downregulate"
51,8,10,4,"Negative","Downregulate"
52,8,10,5,"Negative","Downregulate"
53,8,0,6,"Negative","Downregulate"
54,8,44,7,"Negative","Downregulate"
55,8,12,8,"Negative","Downregulate"
56,8,0,9,"Negative","Downregulate"
57,8,21,10,"Negative","Downregulate"
58,8,NA,11,"Negative","Downregulate"
59,8,0,12,"Negative","Downregulate"
60,8,30,13,"Negative","Downregulate"
61,8,20,14,"Negative","Downregulate"
62,8,1,15,"Negative","Downregulate"
63,8,43,16,"Negative","Downregulate"
64,8,62,17,"Negative","Downregulate"
65,8,44,18,"Negative","Downregulate"
66,8,NA,19,"Negative","Downregulate"
67,8,46,20,"Negative","Downregulate"
68,8,9,21,"Negative","Downregulate"
69,8,50,22,"Negative","Downregulate"
70,8,NA,23,"Negative","Downregulate"
71,8,NA,24,"Negative","Downregulate"
72,8,87,25,"Negative","Downregulate"
73,8,NA,26,"Negative","Downregulate"
74,8,NA,27,"Negative","Downregulate"
75,8,44,28,"Negative","Downregulate"
76,8,0,29,"Negative","Downregulate"
77,8,7,30,"Negative","Downregulate"
78,8,77,31,"Negative","Downregulate"
79,8,27,32,"Negative","Downregulate"
80,8,56,33,"Negative","Downregulate"
81,8,12,34,"Negative","Downregulate"
82,8,46,35,"Negative","Downregulate"
83,8,22,36,"Negative","Downregulate"
84,8,15,37,"Negative","Downregulate"
85,8,0,38,"Negative","Downregulate"
86,8,0,39,"Negative","Downregulate"
48,9,21,1,"Negative","Downregulate"
49,9,3,2,"Negative","Downregulate"
50,9,45,3,"Negative","Downregulate"
51,9,0,4,"Negative","Downregulate"
52,9,3,5,"Negative","Downregulate"
53,9,0,6,"Negative","Downregulate"
54,9,33,7,"Negative","Downregulate"
55,9,0,8,"Negative","Downregulate"
56,9,13,9,"Negative","Downregulate"
57,9,16,10,"Negative","Downregulate"
58,9,NA,11,"Negative","Downregulate"
59,9,9,12,"Negative","Downregulate"
60,9,9,13,"Negative","Downregulate"
61,9,13,14,"Negative","Downregulate"
62,9,16,15,"Negative","Downregulate"
63,9,15,16,"Negative","Downregulate"
64,9,70,17,"Negative","Downregulate"
65,9,60,18,"Negative","Downregulate"
66,9,NA,19,"Negative","Downregulate"
67,9,75,20,"Negative","Downregulate"
68,9,34,21,"Negative","Downregulate"
69,9,4,22,"Negative","Downregulate"
70,9,NA,23,"Negative","Downregulate"
71,9,NA,24,"Negative","Downregulate"
72,9,48,25,"Negative","Downregulate"
73,9,NA,26,"Negative","Downregulate"
74,9,NA,27,"Negative","Downregulate"
75,9,16,28,"Negative","Downregulate"
76,9,0,29,"Negative","Downregulate"
77,9,4,30,"Negative","Downregulate"
78,9,38,31,"Negative","Downregulate"
79,9,15,32,"Negative","Downregulate"
80,9,92,33,"Negative","Downregulate"
81,9,11,34,"Negative","Downregulate"
82,9,4,35,"Negative","Downregulate"
83,9,21,36,"Negative","Downregulate"
84,9,7,37,"Negative","Downregulate"
85,9,37,38,"Negative","Downregulate"
86,9,0,39,"Negative","Downregulate"
48,10,9,1,"Negative","Downregulate"
49,10,4,2,"Negative","Downregulate"
50,10,33,3,"Negative","Downregulate"
51,10,31,4,"Negative","Downregulate"
52,10,17,5,"Negative","Downregulate"
53,10,12,6,"Negative","Downregulate"
54,10,32,7,"Negative","Downregulate"
55,10,28,8,"Negative","Downregulate"
56,10,0,9,"Negative","Downregulate"
57,10,67,10,"Negative","Downregulate"
58,10,NA,11,"Negative","Downregulate"
59,10,0,12,"Negative","Downregulate"
60,10,24,13,"Negative","Downregulate"
61,10,15,14,"Negative","Downregulate"
62,10,2,15,"Negative","Downregulate"
63,10,66,16,"Negative","Downregulate"
64,10,62,17,"Negative","Downregulate"
65,10,14,18,"Negative","Downregulate"
66,10,NA,19,"Negative","Downregulate"
67,10,15,20,"Negative","Downregulate"
68,10,15,21,"Negative","Downregulate"
69,10,75,22,"Negative","Downregulate"
70,10,NA,23,"Negative","Downregulate"
71,10,NA,24,"Negative","Downregulate"
72,10,81,25,"Negative","Downregulate"
73,10,NA,26,"Negative","Downregulate"
74,10,NA,27,"Negative","Downregulate"
75,10,42,28,"Negative","Downregulate"
76,10,0,29,"Negative","Downregulate"
77,10,2,30,"Negative","Downregulate"
78,10,28,31,"Negative","Downregulate"
79,10,22,32,"Negative","Downregulate"
80,10,28,33,"Negative","Downregulate"
81,10,15,34,"Negative","Downregulate"
82,10,33,35,"Negative","Downregulate"
83,10,48,36,"Negative","Downregulate"
84,10,81,37,"Negative","Downregulate"
85,10,3,38,"Negative","Downregulate"
86,10,0,39,"Negative","Downregulate"
48,11,55,1,"Negative","Downregulate"
49,11,3,2,"Negative","Downregulate"
50,11,69,3,"Negative","Downregulate"
51,11,42,4,"Negative","Downregulate"
52,11,25,5,"Negative","Downregulate"
53,11,10,6,"Negative","Downregulate"
54,11,50,7,"Negative","Downregulate"
55,11,16,8,"Negative","Downregulate"
56,11,8,9,"Negative","Downregulate"
57,11,16,10,"Negative","Downregulate"
58,11,NA,11,"Negative","Downregulate"
59,11,0,12,"Negative","Downregulate"
60,11,80,13,"Negative","Downregulate"
61,11,9,14,"Negative","Downregulate"
62,11,30,15,"Negative","Downregulate"
63,11,36,16,"Negative","Downregulate"
64,11,69,17,"Negative","Downregulate"
65,11,11,18,"Negative","Downregulate"
66,11,NA,19,"Negative","Downregulate"
67,11,51,20,"Negative","Downregulate"
68,11,28,21,"Negative","Downregulate"
69,11,54,22,"Negative","Downregulate"
70,11,NA,23,"Negative","Downregulate"
71,11,NA,24,"Negative","Downregulate"
72,11,34,25,"Negative","Downregulate"
73,11,NA,26,"Negative","Downregulate"
74,11,NA,27,"Negative","Downregulate"
75,11,29,28,"Negative","Downregulate"
76,11,0,29,"Negative","Downregulate"
77,11,0,30,"Negative","Downregulate"
78,11,81,31,"Negative","Downregulate"
79,11,49,32,"Negative","Downregulate"
80,11,90,33,"Negative","Downregulate"
81,11,28,34,"Negative","Downregulate"
82,11,6,35,"Negative","Downregulate"
83,11,48,36,"Negative","Downregulate"
84,11,38,37,"Negative","Downregulate"
85,11,35,38,"Negative","Downregulate"
86,11,0,39,"Negative","Downregulate"
48,12,11,1,"Negative","Downregulate"
49,12,32,2,"Negative","Downregulate"
50,12,47,3,"Negative","Downregulate"
51,12,55,4,"Negative","Downregulate"
52,12,34,5,"Negative","Downregulate"
53,12,0,6,"Negative","Downregulate"
54,12,9,7,"Negative","Downregulate"
55,12,52,8,"Negative","Downregulate"
56,12,0,9,"Negative","Downregulate"
57,12,49,10,"Negative","Downregulate"
58,12,NA,11,"Negative","Downregulate"
59,12,0,12,"Negative","Downregulate"
60,12,23,13,"Negative","Downregulate"
61,12,0,14,"Negative","Downregulate"
62,12,2,15,"Negative","Downregulate"
63,12,64,16,"Negative","Downregulate"
64,12,65,17,"Negative","Downregulate"
65,12,33,18,"Negative","Downregulate"
66,12,NA,19,"Negative","Downregulate"
67,12,31,20,"Negative","Downregulate"
68,12,23,21,"Negative","Downregulate"
69,12,57,22,"Negative","Downregulate"
70,12,NA,23,"Negative","Downregulate"
71,12,NA,24,"Negative","Downregulate"
72,12,94,25,"Negative","Downregulate"
73,12,NA,26,"Negative","Downregulate"
74,12,NA,27,"Negative","Downregulate"
75,12,40,28,"Negative","Downregulate"
76,12,13,29,"Negative","Downregulate"
77,12,13,30,"Negative","Downregulate"
78,12,13,31,"Negative","Downregulate"
79,12,64,32,"Negative","Downregulate"
80,12,46,33,"Negative","Downregulate"
81,12,14,34,"Negative","Downregulate"
82,12,93,35,"Negative","Downregulate"
83,12,51,36,"Negative","Downregulate"
84,12,8,37,"Negative","Downregulate"
85,12,26,38,"Negative","Downregulate"
86,12,3,39,"Negative","Downregulate"
48,13,14,1,"Negative","Downregulate"
49,13,5,2,"Negative","Downregulate"
50,13,51,3,"Negative","Downregulate"
51,13,0,4,"Negative","Downregulate"
52,13,0,5,"Negative","Downregulate"
53,13,6,6,"Negative","Downregulate"
54,13,29,7,"Negative","Downregulate"
55,13,6,8,"Negative","Downregulate"
56,13,13,9,"Negative","Downregulate"
57,13,22,10,"Negative","Downregulate"
58,13,NA,11,"Negative","Downregulate"
59,13,37,12,"Negative","Downregulate"
60,13,18,13,"Negative","Downregulate"
61,13,33,14,"Negative","Downregulate"
62,13,24,15,"Negative","Downregulate"
63,13,13,16,"Negative","Downregulate"
64,13,78,17,"Negative","Downregulate"
65,13,13,18,"Negative","Downregulate"
66,13,NA,19,"Negative","Downregulate"
67,13,30,20,"Negative","Downregulate"
68,13,40,21,"Negative","Downregulate"
69,13,13,22,"Negative","Downregulate"
70,13,NA,23,"Negative","Downregulate"
71,13,NA,24,"Negative","Downregulate"
72,13,28,25,"Negative","Downregulate"
73,13,NA,26,"Negative","Downregulate"
74,13,NA,27,"Negative","Downregulate"
75,13,0,28,"Negative","Downregulate"
76,13,0,29,"Negative","Downregulate"
77,13,0,30,"Negative","Downregulate"
78,13,13,31,"Negative","Downregulate"
79,13,22,32,"Negative","Downregulate"
80,13,60,33,"Negative","Downregulate"
81,13,13,34,"Negative","Downregulate"
82,13,6,35,"Negative","Downregulate"
83,13,17,36,"Negative","Downregulate"
84,13,20,37,"Negative","Downregulate"
85,13,21,38,"Negative","Downregulate"
86,13,0,39,"Negative","Downregulate"
48,14,16,1,"Negative","Downregulate"
49,14,4,2,"Negative","Downregulate"
50,14,30,3,"Negative","Downregulate"
51,14,50,4,"Negative","Downregulate"
52,14,79,5,"Negative","Downregulate"
53,14,9,6,"Negative","Downregulate"
54,14,40,7,"Negative","Downregulate"
55,14,0,8,"Negative","Downregulate"
56,14,13,9,"Negative","Downregulate"
57,14,34,10,"Negative","Downregulate"
58,14,NA,11,"Negative","Downregulate"
59,14,0,12,"Negative","Downregulate"
60,14,50,13,"Negative","Downregulate"
61,14,0,14,"Negative","Downregulate"
62,14,3,15,"Negative","Downregulate"
63,14,15,16,"Negative","Downregulate"
64,14,58,17,"Negative","Downregulate"
65,14,22,18,"Negative","Downregulate"
66,14,NA,19,"Negative","Downregulate"
67,14,25,20,"Negative","Downregulate"
68,14,18,21,"Negative","Downregulate"
69,14,50,22,"Negative","Downregulate"
70,14,NA,23,"Negative","Downregulate"
71,14,NA,24,"Negative","Downregulate"
72,14,85,25,"Negative","Downregulate"
73,14,NA,26,"Negative","Downregulate"
74,14,NA,27,"Negative","Downregulate"
75,14,22,28,"Negative","Downregulate"
76,14,0,29,"Negative","Downregulate"
77,14,5,30,"Negative","Downregulate"
78,14,0,31,"Negative","Downregulate"
79,14,24,32,"Negative","Downregulate"
80,14,53,33,"Negative","Downregulate"
81,14,17,34,"Negative","Downregulate"
82,14,50,35,"Negative","Downregulate"
83,14,48,36,"Negative","Downregulate"
84,14,75,37,"Negative","Downregulate"
85,14,12,38,"Negative","Downregulate"
86,14,0,39,"Negative","Downregulate"
48,15,15,1,"Negative","Downregulate"
49,15,14,2,"Negative","Downregulate"
50,15,47,3,"Negative","Downregulate"
51,15,48,4,"Negative","Downregulate"
52,15,52,5,"Negative","Downregulate"
53,15,0,6,"Negative","Downregulate"
54,15,22,7,"Negative","Downregulate"
55,15,7,8,"Negative","Downregulate"
56,15,21,9,"Negative","Downregulate"
57,15,26,10,"Negative","Downregulate"
58,15,NA,11,"Negative","Downregulate"
59,15,0,12,"Negative","Downregulate"
60,15,43,13,"Negative","Downregulate"
61,15,16,14,"Negative","Downregulate"
62,15,22,15,"Negative","Downregulate"
63,15,15,16,"Negative","Downregulate"
64,15,67,17,"Negative","Downregulate"
65,15,58,18,"Negative","Downregulate"
66,15,NA,19,"Negative","Downregulate"
67,15,40,20,"Negative","Downregulate"
68,15,40,21,"Negative","Downregulate"
69,15,51,22,"Negative","Downregulate"
70,15,NA,23,"Negative","Downregulate"
71,15,NA,24,"Negative","Downregulate"
72,15,57,25,"Negative","Downregulate"
73,15,NA,26,"Negative","Downregulate"
74,15,NA,27,"Negative","Downregulate"
75,15,5,28,"Negative","Downregulate"
76,15,0,29,"Negative","Downregulate"
77,15,0,30,"Negative","Downregulate"
78,15,46,31,"Negative","Downregulate"
79,15,20,32,"Negative","Downregulate"
80,15,64,33,"Negative","Downregulate"
81,15,32,34,"Negative","Downregulate"
82,15,31,35,"Negative","Downregulate"
83,15,45,36,"Negative","Downregulate"
84,15,15,37,"Negative","Downregulate"
85,15,20,38,"Negative","Downregulate"
86,15,0,39,"Negative","Downregulate"
48,16,23,1,"Negative","Downregulate"
49,16,6,2,"Negative","Downregulate"
50,16,41,3,"Negative","Downregulate"
51,16,89,4,"Negative","Downregulate"
52,16,8,5,"Negative","Downregulate"
53,16,0,6,"Negative","Downregulate"
54,16,36,7,"Negative","Downregulate"
55,16,26,8,"Negative","Downregulate"
56,16,0,9,"Negative","Downregulate"
57,16,58,10,"Negative","Downregulate"
58,16,NA,11,"Negative","Downregulate"
59,16,10,12,"Negative","Downregulate"
60,16,65,13,"Negative","Downregulate"
61,16,13,14,"Negative","Downregulate"
62,16,9,15,"Negative","Downregulate"
63,16,79,16,"Negative","Downregulate"
64,16,69,17,"Negative","Downregulate"
65,16,64,18,"Negative","Downregulate"
66,16,NA,19,"Negative","Downregulate"
67,16,8,20,"Negative","Downregulate"
68,16,52,21,"Negative","Downregulate"
69,16,79,22,"Negative","Downregulate"
70,16,NA,23,"Negative","Downregulate"
71,16,NA,24,"Negative","Downregulate"
72,16,74,25,"Negative","Downregulate"
73,16,NA,26,"Negative","Downregulate"
74,16,NA,27,"Negative","Downregulate"
75,16,47,28,"Negative","Downregulate"
76,16,7,29,"Negative","Downregulate"
77,16,25,30,"Negative","Downregulate"
78,16,40,31,"Negative","Downregulate"
79,16,35,32,"Negative","Downregulate"
80,16,33,33,"Negative","Downregulate"
81,16,0,34,"Negative","Downregulate"
82,16,95,35,"Negative","Downregulate"
83,16,26,36,"Negative","Downregulate"
84,16,21,37,"Negative","Downregulate"
85,16,9,38,"Negative","Downregulate"
86,16,0,39,"Negative","Downregulate"
48,1,0,1,"Neutral","Downregulate"
49,1,0,2,"Neutral","Downregulate"
50,1,6,3,"Neutral","Downregulate"
51,1,0,4,"Neutral","Downregulate"
52,1,0,5,"Neutral","Downregulate"
53,1,0,6,"Neutral","Downregulate"
54,1,0,7,"Neutral","Downregulate"
55,1,0,8,"Neutral","Downregulate"
56,1,0,9,"Neutral","Downregulate"
57,1,9,10,"Neutral","Downregulate"
58,1,NA,11,"Neutral","Downregulate"
59,1,0,12,"Neutral","Downregulate"
60,1,5,13,"Neutral","Downregulate"
61,1,0,14,"Neutral","Downregulate"
62,1,0,15,"Neutral","Downregulate"
63,1,0,16,"Neutral","Downregulate"
64,1,20,17,"Neutral","Downregulate"
65,1,0,18,"Neutral","Downregulate"
66,1,NA,19,"Neutral","Downregulate"
67,1,0,20,"Neutral","Downregulate"
68,1,0,21,"Neutral","Downregulate"
69,1,0,22,"Neutral","Downregulate"
70,1,NA,23,"Neutral","Downregulate"
71,1,NA,24,"Neutral","Downregulate"
72,1,0,25,"Neutral","Downregulate"
73,1,NA,26,"Neutral","Downregulate"
74,1,NA,27,"Neutral","Downregulate"
75,1,0,28,"Neutral","Downregulate"
76,1,0,29,"Neutral","Downregulate"
77,1,0,30,"Neutral","Downregulate"
78,1,0,31,"Neutral","Downregulate"
79,1,0,32,"Neutral","Downregulate"
80,1,0,33,"Neutral","Downregulate"
81,1,0,34,"Neutral","Downregulate"
82,1,0,35,"Neutral","Downregulate"
83,1,0,36,"Neutral","Downregulate"
84,1,0,37,"Neutral","Downregulate"
85,1,0,38,"Neutral","Downregulate"
86,1,0,39,"Neutral","Downregulate"
48,2,0,1,"Neutral","Downregulate"
49,2,0,2,"Neutral","Downregulate"
50,2,0,3,"Neutral","Downregulate"
51,2,0,4,"Neutral","Downregulate"
52,2,0,5,"Neutral","Downregulate"
53,2,0,6,"Neutral","Downregulate"
54,2,0,7,"Neutral","Downregulate"
55,2,0,8,"Neutral","Downregulate"
56,2,0,9,"Neutral","Downregulate"
57,2,0,10,"Neutral","Downregulate"
58,2,NA,11,"Neutral","Downregulate"
59,2,0,12,"Neutral","Downregulate"
60,2,21,13,"Neutral","Downregulate"
61,2,0,14,"Neutral","Downregulate"
62,2,0,15,"Neutral","Downregulate"
63,2,0,16,"Neutral","Downregulate"
64,2,0,17,"Neutral","Downregulate"
65,2,5,18,"Neutral","Downregulate"
66,2,NA,19,"Neutral","Downregulate"
67,2,0,20,"Neutral","Downregulate"
68,2,0,21,"Neutral","Downregulate"
69,2,0,22,"Neutral","Downregulate"
70,2,NA,23,"Neutral","Downregulate"
71,2,NA,24,"Neutral","Downregulate"
72,2,0,25,"Neutral","Downregulate"
73,2,NA,26,"Neutral","Downregulate"
74,2,NA,27,"Neutral","Downregulate"
75,2,0,28,"Neutral","Downregulate"
76,2,0,29,"Neutral","Downregulate"
77,2,0,30,"Neutral","Downregulate"
78,2,0,31,"Neutral","Downregulate"
79,2,8,32,"Neutral","Downregulate"
80,2,0,33,"Neutral","Downregulate"
81,2,0,34,"Neutral","Downregulate"
82,2,0,35,"Neutral","Downregulate"
83,2,0,36,"Neutral","Downregulate"
84,2,0,37,"Neutral","Downregulate"
85,2,0,38,"Neutral","Downregulate"
86,2,0,39,"Neutral","Downregulate"
48,3,0,1,"Neutral","Downregulate"
49,3,0,2,"Neutral","Downregulate"
50,3,10,3,"Neutral","Downregulate"
51,3,0,4,"Neutral","Downregulate"
52,3,0,5,"Neutral","Downregulate"
53,3,0,6,"Neutral","Downregulate"
54,3,7,7,"Neutral","Downregulate"
55,3,5,8,"Neutral","Downregulate"
56,3,0,9,"Neutral","Downregulate"
57,3,0,10,"Neutral","Downregulate"
58,3,NA,11,"Neutral","Downregulate"
59,3,0,12,"Neutral","Downregulate"
60,3,12,13,"Neutral","Downregulate"
61,3,0,14,"Neutral","Downregulate"
62,3,0,15,"Neutral","Downregulate"
63,3,15,16,"Neutral","Downregulate"
64,3,0,17,"Neutral","Downregulate"
65,3,0,18,"Neutral","Downregulate"
66,3,NA,19,"Neutral","Downregulate"
67,3,0,20,"Neutral","Downregulate"
68,3,2,21,"Neutral","Downregulate"
69,3,0,22,"Neutral","Downregulate"
70,3,NA,23,"Neutral","Downregulate"
71,3,NA,24,"Neutral","Downregulate"
72,3,0,25,"Neutral","Downregulate"
73,3,NA,26,"Neutral","Downregulate"
74,3,NA,27,"Neutral","Downregulate"
75,3,11,28,"Neutral","Downregulate"
76,3,0,29,"Neutral","Downregulate"
77,3,0,30,"Neutral","Downregulate"
78,3,0,31,"Neutral","Downregulate"
79,3,0,32,"Neutral","Downregulate"
80,3,0,33,"Neutral","Downregulate"
81,3,0,34,"Neutral","Downregulate"
82,3,0,35,"Neutral","Downregulate"
83,3,0,36,"Neutral","Downregulate"
84,3,7,37,"Neutral","Downregulate"
85,3,0,38,"Neutral","Downregulate"
86,3,0,39,"Neutral","Downregulate"
48,4,0,1,"Neutral","Downregulate"
49,4,0,2,"Neutral","Downregulate"
50,4,6,3,"Neutral","Downregulate"
51,4,10,4,"Neutral","Downregulate"
52,4,0,5,"Neutral","Downregulate"
53,4,0,6,"Neutral","Downregulate"
54,4,7,7,"Neutral","Downregulate"
55,4,0,8,"Neutral","Downregulate"
56,4,0,9,"Neutral","Downregulate"
57,4,2,10,"Neutral","Downregulate"
58,4,NA,11,"Neutral","Downregulate"
59,4,10,12,"Neutral","Downregulate"
60,4,13,13,"Neutral","Downregulate"
61,4,0,14,"Neutral","Downregulate"
62,4,0,15,"Neutral","Downregulate"
63,4,15,16,"Neutral","Downregulate"
64,4,0,17,"Neutral","Downregulate"
65,4,6,18,"Neutral","Downregulate"
66,4,NA,19,"Neutral","Downregulate"
67,4,0,20,"Neutral","Downregulate"
68,4,0,21,"Neutral","Downregulate"
69,4,11,22,"Neutral","Downregulate"
70,4,NA,23,"Neutral","Downregulate"
71,4,NA,24,"Neutral","Downregulate"
72,4,0,25,"Neutral","Downregulate"
73,4,NA,26,"Neutral","Downregulate"
74,4,NA,27,"Neutral","Downregulate"
75,4,0,28,"Neutral","Downregulate"
76,4,0,29,"Neutral","Downregulate"
77,4,0,30,"Neutral","Downregulate"
78,4,0,31,"Neutral","Downregulate"
79,4,0,32,"Neutral","Downregulate"
80,4,0,33,"Neutral","Downregulate"
81,4,0,34,"Neutral","Downregulate"
82,4,0,35,"Neutral","Downregulate"
83,4,5,36,"Neutral","Downregulate"
84,4,13,37,"Neutral","Downregulate"
85,4,0,38,"Neutral","Downregulate"
86,4,0,39,"Neutral","Downregulate"
48,5,6,1,"Neutral","Downregulate"
49,5,0,2,"Neutral","Downregulate"
50,5,21,3,"Neutral","Downregulate"
51,5,0,4,"Neutral","Downregulate"
52,5,0,5,"Neutral","Downregulate"
53,5,0,6,"Neutral","Downregulate"
54,5,9,7,"Neutral","Downregulate"
55,5,5,8,"Neutral","Downregulate"
56,5,0,9,"Neutral","Downregulate"
57,5,9,10,"Neutral","Downregulate"
58,5,NA,11,"Neutral","Downregulate"
59,5,4,12,"Neutral","Downregulate"
60,5,10,13,"Neutral","Downregulate"
61,5,0,14,"Neutral","Downregulate"
62,5,0,15,"Neutral","Downregulate"
63,5,0,16,"Neutral","Downregulate"
64,5,48,17,"Neutral","Downregulate"
65,5,0,18,"Neutral","Downregulate"
66,5,NA,19,"Neutral","Downregulate"
67,5,4,20,"Neutral","Downregulate"
68,5,8,21,"Neutral","Downregulate"
69,5,0,22,"Neutral","Downregulate"
70,5,NA,23,"Neutral","Downregulate"
71,5,NA,24,"Neutral","Downregulate"
72,5,0,25,"Neutral","Downregulate"
73,5,NA,26,"Neutral","Downregulate"
74,5,NA,27,"Neutral","Downregulate"
75,5,0,28,"Neutral","Downregulate"
76,5,0,29,"Neutral","Downregulate"
77,5,0,30,"Neutral","Downregulate"
78,5,8,31,"Neutral","Downregulate"
79,5,0,32,"Neutral","Downregulate"
80,5,18,33,"Neutral","Downregulate"
81,5,0,34,"Neutral","Downregulate"
82,5,7,35,"Neutral","Downregulate"
83,5,0,36,"Neutral","Downregulate"
84,5,0,37,"Neutral","Downregulate"
85,5,0,38,"Neutral","Downregulate"
86,5,0,39,"Neutral","Downregulate"
48,6,10,1,"Neutral","Downregulate"
49,6,0,2,"Neutral","Downregulate"
50,6,31,3,"Neutral","Downregulate"
51,6,6,4,"Neutral","Downregulate"
52,6,0,5,"Neutral","Downregulate"
53,6,0,6,"Neutral","Downregulate"
54,6,0,7,"Neutral","Downregulate"
55,6,0,8,"Neutral","Downregulate"
56,6,0,9,"Neutral","Downregulate"
57,6,7,10,"Neutral","Downregulate"
58,6,NA,11,"Neutral","Downregulate"
59,6,5,12,"Neutral","Downregulate"
60,6,9,13,"Neutral","Downregulate"
61,6,9,14,"Neutral","Downregulate"
62,6,0,15,"Neutral","Downregulate"
63,6,89,16,"Neutral","Downregulate"
64,6,66,17,"Neutral","Downregulate"
65,6,12,18,"Neutral","Downregulate"
66,6,NA,19,"Neutral","Downregulate"
67,6,11,20,"Neutral","Downregulate"
68,6,0,21,"Neutral","Downregulate"
69,6,36,22,"Neutral","Downregulate"
70,6,NA,23,"Neutral","Downregulate"
71,6,NA,24,"Neutral","Downregulate"
72,6,0,25,"Neutral","Downregulate"
73,6,NA,26,"Neutral","Downregulate"
74,6,NA,27,"Neutral","Downregulate"
75,6,0,28,"Neutral","Downregulate"
76,6,0,29,"Neutral","Downregulate"
77,6,0,30,"Neutral","Downregulate"
78,6,0,31,"Neutral","Downregulate"
79,6,10,32,"Neutral","Downregulate"
80,6,0,33,"Neutral","Downregulate"
81,6,0,34,"Neutral","Downregulate"
82,6,0,35,"Neutral","Downregulate"
83,6,6,36,"Neutral","Downregulate"
84,6,25,37,"Neutral","Downregulate"
85,6,0,38,"Neutral","Downregulate"
86,6,0,39,"Neutral","Downregulate"
48,7,0,1,"Neutral","Downregulate"
49,7,0,2,"Neutral","Downregulate"
50,7,15,3,"Neutral","Downregulate"
51,7,0,4,"Neutral","Downregulate"
52,7,0,5,"Neutral","Downregulate"
53,7,0,6,"Neutral","Downregulate"
54,7,0,7,"Neutral","Downregulate"
55,7,0,8,"Neutral","Downregulate"
56,7,0,9,"Neutral","Downregulate"
57,7,0,10,"Neutral","Downregulate"
58,7,NA,11,"Neutral","Downregulate"
59,7,0,12,"Neutral","Downregulate"
60,7,9,13,"Neutral","Downregulate"
61,7,0,14,"Neutral","Downregulate"
62,7,0,15,"Neutral","Downregulate"
63,7,0,16,"Neutral","Downregulate"
64,7,0,17,"Neutral","Downregulate"
65,7,0,18,"Neutral","Downregulate"
66,7,NA,19,"Neutral","Downregulate"
67,7,0,20,"Neutral","Downregulate"
68,7,0,21,"Neutral","Downregulate"
69,7,0,22,"Neutral","Downregulate"
70,7,NA,23,"Neutral","Downregulate"
71,7,NA,24,"Neutral","Downregulate"
72,7,0,25,"Neutral","Downregulate"
73,7,NA,26,"Neutral","Downregulate"
74,7,NA,27,"Neutral","Downregulate"
75,7,0,28,"Neutral","Downregulate"
76,7,0,29,"Neutral","Downregulate"
77,7,0,30,"Neutral","Downregulate"
78,7,0,31,"Neutral","Downregulate"
79,7,0,32,"Neutral","Downregulate"
80,7,8,33,"Neutral","Downregulate"
81,7,0,34,"Neutral","Downregulate"
82,7,0,35,"Neutral","Downregulate"
83,7,0,36,"Neutral","Downregulate"
84,7,0,37,"Neutral","Downregulate"
85,7,0,38,"Neutral","Downregulate"
86,7,23,39,"Neutral","Downregulate"
48,8,16,1,"Neutral","Downregulate"
49,8,0,2,"Neutral","Downregulate"
50,8,32,3,"Neutral","Downregulate"
51,8,7,4,"Neutral","Downregulate"
52,8,0,5,"Neutral","Downregulate"
53,8,6,6,"Neutral","Downregulate"
54,8,22,7,"Neutral","Downregulate"
55,8,0,8,"Neutral","Downregulate"
56,8,0,9,"Neutral","Downregulate"
57,8,9,10,"Neutral","Downregulate"
58,8,NA,11,"Neutral","Downregulate"
59,8,14,12,"Neutral","Downregulate"
60,8,0,13,"Neutral","Downregulate"
61,8,0,14,"Neutral","Downregulate"
62,8,0,15,"Neutral","Downregulate"
63,8,57,16,"Neutral","Downregulate"
64,8,6,17,"Neutral","Downregulate"
65,8,9,18,"Neutral","Downregulate"
66,8,NA,19,"Neutral","Downregulate"
67,8,8,20,"Neutral","Downregulate"
68,8,0,21,"Neutral","Downregulate"
69,8,25,22,"Neutral","Downregulate"
70,8,NA,23,"Neutral","Downregulate"
71,8,NA,24,"Neutral","Downregulate"
72,8,5,25,"Neutral","Downregulate"
73,8,NA,26,"Neutral","Downregulate"
74,8,NA,27,"Neutral","Downregulate"
75,8,0,28,"Neutral","Downregulate"
76,8,0,29,"Neutral","Downregulate"
77,8,0,30,"Neutral","Downregulate"
78,8,0,31,"Neutral","Downregulate"
79,8,0,32,"Neutral","Downregulate"
80,8,28,33,"Neutral","Downregulate"
81,8,0,34,"Neutral","Downregulate"
82,8,12,35,"Neutral","Downregulate"
83,8,0,36,"Neutral","Downregulate"
84,8,0,37,"Neutral","Downregulate"
85,8,21,38,"Neutral","Downregulate"
86,8,0,39,"Neutral","Downregulate"
48,9,7,1,"Neutral","Downregulate"
49,9,0,2,"Neutral","Downregulate"
50,9,37,3,"Neutral","Downregulate"
51,9,0,4,"Neutral","Downregulate"
52,9,0,5,"Neutral","Downregulate"
53,9,11,6,"Neutral","Downregulate"
54,9,20,7,"Neutral","Downregulate"
55,9,0,8,"Neutral","Downregulate"
56,9,0,9,"Neutral","Downregulate"
57,9,0,10,"Neutral","Downregulate"
58,9,NA,11,"Neutral","Downregulate"
59,9,0,12,"Neutral","Downregulate"
60,9,0,13,"Neutral","Downregulate"
61,9,21,14,"Neutral","Downregulate"
62,9,0,15,"Neutral","Downregulate"
63,9,0,16,"Neutral","Downregulate"
64,9,15,17,"Neutral","Downregulate"
65,9,0,18,"Neutral","Downregulate"
66,9,NA,19,"Neutral","Downregulate"
67,9,6,20,"Neutral","Downregulate"
68,9,10,21,"Neutral","Downregulate"
69,9,0,22,"Neutral","Downregulate"
70,9,NA,23,"Neutral","Downregulate"
71,9,NA,24,"Neutral","Downregulate"
72,9,0,25,"Neutral","Downregulate"
73,9,NA,26,"Neutral","Downregulate"
74,9,NA,27,"Neutral","Downregulate"
75,9,0,28,"Neutral","Downregulate"
76,9,0,29,"Neutral","Downregulate"
77,9,0,30,"Neutral","Downregulate"
78,9,0,31,"Neutral","Downregulate"
79,9,0,32,"Neutral","Downregulate"
80,9,7,33,"Neutral","Downregulate"
81,9,8,34,"Neutral","Downregulate"
82,9,0,35,"Neutral","Downregulate"
83,9,0,36,"Neutral","Downregulate"
84,9,0,37,"Neutral","Downregulate"
85,9,0,38,"Neutral","Downregulate"
86,9,0,39,"Neutral","Downregulate"
48,10,3,1,"Neutral","Downregulate"
49,10,0,2,"Neutral","Downregulate"
50,10,0,3,"Neutral","Downregulate"
51,10,12,4,"Neutral","Downregulate"
52,10,0,5,"Neutral","Downregulate"
53,10,0,6,"Neutral","Downregulate"
54,10,0,7,"Neutral","Downregulate"
55,10,0,8,"Neutral","Downregulate"
56,10,0,9,"Neutral","Downregulate"
57,10,0,10,"Neutral","Downregulate"
58,10,NA,11,"Neutral","Downregulate"
59,10,0,12,"Neutral","Downregulate"
60,10,54,13,"Neutral","Downregulate"
61,10,18,14,"Neutral","Downregulate"
62,10,0,15,"Neutral","Downregulate"
63,10,0,16,"Neutral","Downregulate"
64,10,0,17,"Neutral","Downregulate"
65,10,5,18,"Neutral","Downregulate"
66,10,NA,19,"Neutral","Downregulate"
67,10,0,20,"Neutral","Downregulate"
68,10,0,21,"Neutral","Downregulate"
69,10,0,22,"Neutral","Downregulate"
70,10,NA,23,"Neutral","Downregulate"
71,10,NA,24,"Neutral","Downregulate"
72,10,0,25,"Neutral","Downregulate"
73,10,NA,26,"Neutral","Downregulate"
74,10,NA,27,"Neutral","Downregulate"
75,10,0,28,"Neutral","Downregulate"
76,10,0,29,"Neutral","Downregulate"
77,10,0,30,"Neutral","Downregulate"
78,10,0,31,"Neutral","Downregulate"
79,10,0,32,"Neutral","Downregulate"
80,10,0,33,"Neutral","Downregulate"
81,10,0,34,"Neutral","Downregulate"
82,10,0,35,"Neutral","Downregulate"
83,10,0,36,"Neutral","Downregulate"
84,10,0,37,"Neutral","Downregulate"
85,10,0,38,"Neutral","Downregulate"
86,10,0,39,"Neutral","Downregulate"
48,11,0,1,"Neutral","Downregulate"
49,11,0,2,"Neutral","Downregulate"
50,11,0,3,"Neutral","Downregulate"
51,11,0,4,"Neutral","Downregulate"
52,11,0,5,"Neutral","Downregulate"
53,11,0,6,"Neutral","Downregulate"
54,11,0,7,"Neutral","Downregulate"
55,11,0,8,"Neutral","Downregulate"
56,11,0,9,"Neutral","Downregulate"
57,11,0,10,"Neutral","Downregulate"
58,11,NA,11,"Neutral","Downregulate"
59,11,0,12,"Neutral","Downregulate"
60,11,0,13,"Neutral","Downregulate"
61,11,0,14,"Neutral","Downregulate"
62,11,0,15,"Neutral","Downregulate"
63,11,0,16,"Neutral","Downregulate"
64,11,0,17,"Neutral","Downregulate"
65,11,0,18,"Neutral","Downregulate"
66,11,NA,19,"Neutral","Downregulate"
67,11,0,20,"Neutral","Downregulate"
68,11,0,21,"Neutral","Downregulate"
69,11,0,22,"Neutral","Downregulate"
70,11,NA,23,"Neutral","Downregulate"
71,11,NA,24,"Neutral","Downregulate"
72,11,0,25,"Neutral","Downregulate"
73,11,NA,26,"Neutral","Downregulate"
74,11,NA,27,"Neutral","Downregulate"
75,11,0,28,"Neutral","Downregulate"
76,11,0,29,"Neutral","Downregulate"
77,11,0,30,"Neutral","Downregulate"
78,11,0,31,"Neutral","Downregulate"
79,11,12,32,"Neutral","Downregulate"
80,11,0,33,"Neutral","Downregulate"
81,11,0,34,"Neutral","Downregulate"
82,11,0,35,"Neutral","Downregulate"
83,11,0,36,"Neutral","Downregulate"
84,11,0,37,"Neutral","Downregulate"
85,11,0,38,"Neutral","Downregulate"
86,11,40,39,"Neutral","Downregulate"
48,12,0,1,"Neutral","Downregulate"
49,12,0,2,"Neutral","Downregulate"
50,12,17,3,"Neutral","Downregulate"
51,12,0,4,"Neutral","Downregulate"
52,12,0,5,"Neutral","Downregulate"
53,12,0,6,"Neutral","Downregulate"
54,12,0,7,"Neutral","Downregulate"
55,12,7,8,"Neutral","Downregulate"
56,12,0,9,"Neutral","Downregulate"
57,12,0,10,"Neutral","Downregulate"
58,12,NA,11,"Neutral","Downregulate"
59,12,0,12,"Neutral","Downregulate"
60,12,16,13,"Neutral","Downregulate"
61,12,44,14,"Neutral","Downregulate"
62,12,0,15,"Neutral","Downregulate"
63,12,0,16,"Neutral","Downregulate"
64,12,0,17,"Neutral","Downregulate"
65,12,0,18,"Neutral","Downregulate"
66,12,NA,19,"Neutral","Downregulate"
67,12,0,20,"Neutral","Downregulate"
68,12,8,21,"Neutral","Downregulate"
69,12,0,22,"Neutral","Downregulate"
70,12,NA,23,"Neutral","Downregulate"
71,12,NA,24,"Neutral","Downregulate"
72,12,0,25,"Neutral","Downregulate"
73,12,NA,26,"Neutral","Downregulate"
74,12,NA,27,"Neutral","Downregulate"
75,12,0,28,"Neutral","Downregulate"
76,12,0,29,"Neutral","Downregulate"
77,12,0,30,"Neutral","Downregulate"
78,12,0,31,"Neutral","Downregulate"
79,12,0,32,"Neutral","Downregulate"
80,12,0,33,"Neutral","Downregulate"
81,12,0,34,"Neutral","Downregulate"
82,12,0,35,"Neutral","Downregulate"
83,12,0,36,"Neutral","Downregulate"
84,12,0,37,"Neutral","Downregulate"
85,12,0,38,"Neutral","Downregulate"
86,12,42,39,"Neutral","Downregulate"
48,13,0,1,"Neutral","Downregulate"
49,13,0,2,"Neutral","Downregulate"
50,13,4,3,"Neutral","Downregulate"
51,13,0,4,"Neutral","Downregulate"
52,13,0,5,"Neutral","Downregulate"
53,13,0,6,"Neutral","Downregulate"
54,13,0,7,"Neutral","Downregulate"
55,13,0,8,"Neutral","Downregulate"
56,13,0,9,"Neutral","Downregulate"
57,13,0,10,"Neutral","Downregulate"
58,13,NA,11,"Neutral","Downregulate"
59,13,0,12,"Neutral","Downregulate"
60,13,18,13,"Neutral","Downregulate"
61,13,24,14,"Neutral","Downregulate"
62,13,0,15,"Neutral","Downregulate"
63,13,0,16,"Neutral","Downregulate"
64,13,19,17,"Neutral","Downregulate"
65,13,0,18,"Neutral","Downregulate"
66,13,NA,19,"Neutral","Downregulate"
67,13,0,20,"Neutral","Downregulate"
68,13,0,21,"Neutral","Downregulate"
69,13,0,22,"Neutral","Downregulate"
70,13,NA,23,"Neutral","Downregulate"
71,13,NA,24,"Neutral","Downregulate"
72,13,0,25,"Neutral","Downregulate"
73,13,NA,26,"Neutral","Downregulate"
74,13,NA,27,"Neutral","Downregulate"
75,13,0,28,"Neutral","Downregulate"
76,13,0,29,"Neutral","Downregulate"
77,13,0,30,"Neutral","Downregulate"
78,13,0,31,"Neutral","Downregulate"
79,13,0,32,"Neutral","Downregulate"
80,13,0,33,"Neutral","Downregulate"
81,13,0,34,"Neutral","Downregulate"
82,13,0,35,"Neutral","Downregulate"
83,13,0,36,"Neutral","Downregulate"
84,13,0,37,"Neutral","Downregulate"
85,13,0,38,"Neutral","Downregulate"
86,13,34,39,"Neutral","Downregulate"
48,14,0,1,"Neutral","Downregulate"
49,14,0,2,"Neutral","Downregulate"
50,14,24,3,"Neutral","Downregulate"
51,14,16,4,"Neutral","Downregulate"
52,14,0,5,"Neutral","Downregulate"
53,14,0,6,"Neutral","Downregulate"
54,14,0,7,"Neutral","Downregulate"
55,14,0,8,"Neutral","Downregulate"
56,14,0,9,"Neutral","Downregulate"
57,14,0,10,"Neutral","Downregulate"
58,14,NA,11,"Neutral","Downregulate"
59,14,0,12,"Neutral","Downregulate"
60,14,18,13,"Neutral","Downregulate"
61,14,12,14,"Neutral","Downregulate"
62,14,0,15,"Neutral","Downregulate"
63,14,5,16,"Neutral","Downregulate"
64,14,0,17,"Neutral","Downregulate"
65,14,6,18,"Neutral","Downregulate"
66,14,NA,19,"Neutral","Downregulate"
67,14,0,20,"Neutral","Downregulate"
68,14,0,21,"Neutral","Downregulate"
69,14,0,22,"Neutral","Downregulate"
70,14,NA,23,"Neutral","Downregulate"
71,14,NA,24,"Neutral","Downregulate"
72,14,0,25,"Neutral","Downregulate"
73,14,NA,26,"Neutral","Downregulate"
74,14,NA,27,"Neutral","Downregulate"
75,14,0,28,"Neutral","Downregulate"
76,14,0,29,"Neutral","Downregulate"
77,14,0,30,"Neutral","Downregulate"
78,14,0,31,"Neutral","Downregulate"
79,14,14,32,"Neutral","Downregulate"
80,14,0,33,"Neutral","Downregulate"
81,14,0,34,"Neutral","Downregulate"
82,14,0,35,"Neutral","Downregulate"
83,14,0,36,"Neutral","Downregulate"
84,14,0,37,"Neutral","Downregulate"
85,14,2,38,"Neutral","Downregulate"
86,14,49,39,"Neutral","Downregulate"
48,15,0,1,"Neutral","Downregulate"
49,15,0,2,"Neutral","Downregulate"
50,15,0,3,"Neutral","Downregulate"
51,15,0,4,"Neutral","Downregulate"
52,15,70,5,"Neutral","Downregulate"
53,15,0,6,"Neutral","Downregulate"
54,15,12,7,"Neutral","Downregulate"
55,15,0,8,"Neutral","Downregulate"
56,15,0,9,"Neutral","Downregulate"
57,15,0,10,"Neutral","Downregulate"
58,15,NA,11,"Neutral","Downregulate"
59,15,0,12,"Neutral","Downregulate"
60,15,18,13,"Neutral","Downregulate"
61,15,11,14,"Neutral","Downregulate"
62,15,0,15,"Neutral","Downregulate"
63,15,0,16,"Neutral","Downregulate"
64,15,0,17,"Neutral","Downregulate"
65,15,0,18,"Neutral","Downregulate"
66,15,NA,19,"Neutral","Downregulate"
67,15,0,20,"Neutral","Downregulate"
68,15,0,21,"Neutral","Downregulate"
69,15,0,22,"Neutral","Downregulate"
70,15,NA,23,"Neutral","Downregulate"
71,15,NA,24,"Neutral","Downregulate"
72,15,0,25,"Neutral","Downregulate"
73,15,NA,26,"Neutral","Downregulate"
74,15,NA,27,"Neutral","Downregulate"
75,15,12,28,"Neutral","Downregulate"
76,15,0,29,"Neutral","Downregulate"
77,15,0,30,"Neutral","Downregulate"
78,15,0,31,"Neutral","Downregulate"
79,15,0,32,"Neutral","Downregulate"
80,15,0,33,"Neutral","Downregulate"
81,15,0,34,"Neutral","Downregulate"
82,15,0,35,"Neutral","Downregulate"
83,15,0,36,"Neutral","Downregulate"
84,15,0,37,"Neutral","Downregulate"
85,15,0,38,"Neutral","Downregulate"
86,15,57,39,"Neutral","Downregulate"
48,16,0,1,"Neutral","Downregulate"
49,16,0,2,"Neutral","Downregulate"
50,16,8,3,"Neutral","Downregulate"
51,16,0,4,"Neutral","Downregulate"
52,16,0,5,"Neutral","Downregulate"
53,16,0,6,"Neutral","Downregulate"
54,16,0,7,"Neutral","Downregulate"
55,16,0,8,"Neutral","Downregulate"
56,16,0,9,"Neutral","Downregulate"
57,16,0,10,"Neutral","Downregulate"
58,16,NA,11,"Neutral","Downregulate"
59,16,0,12,"Neutral","Downregulate"
60,16,14,13,"Neutral","Downregulate"
61,16,0,14,"Neutral","Downregulate"
62,16,0,15,"Neutral","Downregulate"
63,16,0,16,"Neutral","Downregulate"
64,16,0,17,"Neutral","Downregulate"
65,16,0,18,"Neutral","Downregulate"
66,16,NA,19,"Neutral","Downregulate"
67,16,0,20,"Neutral","Downregulate"
68,16,0,21,"Neutral","Downregulate"
69,16,0,22,"Neutral","Downregulate"
70,16,NA,23,"Neutral","Downregulate"
71,16,NA,24,"Neutral","Downregulate"
72,16,0,25,"Neutral","Downregulate"
73,16,NA,26,"Neutral","Downregulate"
74,16,NA,27,"Neutral","Downregulate"
75,16,0,28,"Neutral","Downregulate"
76,16,0,29,"Neutral","Downregulate"
77,16,0,30,"Neutral","Downregulate"
78,16,0,31,"Neutral","Downregulate"
79,16,0,32,"Neutral","Downregulate"
80,16,0,33,"Neutral","Downregulate"
81,16,0,34,"Neutral","Downregulate"
82,16,8,35,"Neutral","Downregulate"
83,16,0,36,"Neutral","Downregulate"
84,16,0,37,"Neutral","Downregulate"
85,16,0,38,"Neutral","Downregulate"
86,16,0,39,"Neutral","Downregulate"
48,1,78,1,"Negative","Upregulate"
49,1,9,2,"Negative","Upregulate"
50,1,77,3,"Negative","Upregulate"
51,1,9,4,"Negative","Upregulate"
52,1,0,5,"Negative","Upregulate"
53,1,50,6,"Negative","Upregulate"
54,1,59,7,"Negative","Upregulate"
55,1,17,8,"Negative","Upregulate"
56,1,22,9,"Negative","Upregulate"
57,1,85,10,"Negative","Upregulate"
58,1,NA,11,"Negative","Upregulate"
59,1,50,12,"Negative","Upregulate"
60,1,7,13,"Negative","Upregulate"
61,1,45,14,"Negative","Upregulate"
62,1,54,15,"Negative","Upregulate"
63,1,100,16,"Negative","Upregulate"
64,1,89,17,"Negative","Upregulate"
65,1,82,18,"Negative","Upregulate"
66,1,NA,19,"Negative","Upregulate"
67,1,32,20,"Negative","Upregulate"
68,1,39,21,"Negative","Upregulate"
69,1,14,22,"Negative","Upregulate"
70,1,NA,23,"Negative","Upregulate"
71,1,NA,24,"Negative","Upregulate"
72,1,44,25,"Negative","Upregulate"
73,1,NA,26,"Negative","Upregulate"
74,1,NA,27,"Negative","Upregulate"
75,1,0,28,"Negative","Upregulate"
76,1,6,29,"Negative","Upregulate"
77,1,49,30,"Negative","Upregulate"
78,1,47,31,"Negative","Upregulate"
79,1,18,32,"Negative","Upregulate"
80,1,96,33,"Negative","Upregulate"
81,1,7,34,"Negative","Upregulate"
82,1,22,35,"Negative","Upregulate"
83,1,23,36,"Negative","Upregulate"
84,1,11,37,"Negative","Upregulate"
85,1,48,38,"Negative","Upregulate"
86,1,0,39,"Negative","Upregulate"
48,2,81,1,"Negative","Upregulate"
49,2,6,2,"Negative","Upregulate"
50,2,56,3,"Negative","Upregulate"
51,2,43,4,"Negative","Upregulate"
52,2,4,5,"Negative","Upregulate"
53,2,0,6,"Negative","Upregulate"
54,2,81,7,"Negative","Upregulate"
55,2,32,8,"Negative","Upregulate"
56,2,39,9,"Negative","Upregulate"
57,2,77,10,"Negative","Upregulate"
58,2,NA,11,"Negative","Upregulate"
59,2,35,12,"Negative","Upregulate"
60,2,27,13,"Negative","Upregulate"
61,2,62,14,"Negative","Upregulate"
62,2,34,15,"Negative","Upregulate"
63,2,100,16,"Negative","Upregulate"
64,2,73,17,"Negative","Upregulate"
65,2,84,18,"Negative","Upregulate"
66,2,NA,19,"Negative","Upregulate"
67,2,38,20,"Negative","Upregulate"
68,2,32,21,"Negative","Upregulate"
69,2,49,22,"Negative","Upregulate"
70,2,NA,23,"Negative","Upregulate"
71,2,NA,24,"Negative","Upregulate"
72,2,83,25,"Negative","Upregulate"
73,2,NA,26,"Negative","Upregulate"
74,2,NA,27,"Negative","Upregulate"
75,2,39,28,"Negative","Upregulate"
76,2,9,29,"Negative","Upregulate"
77,2,56,30,"Negative","Upregulate"
78,2,70,31,"Negative","Upregulate"
79,2,36,32,"Negative","Upregulate"
80,2,88,33,"Negative","Upregulate"
81,2,6,34,"Negative","Upregulate"
82,2,78,35,"Negative","Upregulate"
83,2,11,36,"Negative","Upregulate"
84,2,22,37,"Negative","Upregulate"
85,2,46,38,"Negative","Upregulate"
86,2,11,39,"Negative","Upregulate"
48,3,49,1,"Negative","Upregulate"
49,3,5,2,"Negative","Upregulate"
50,3,56,3,"Negative","Upregulate"
51,3,23,4,"Negative","Upregulate"
52,3,0,5,"Negative","Upregulate"
53,3,26,6,"Negative","Upregulate"
54,3,75,7,"Negative","Upregulate"
55,3,23,8,"Negative","Upregulate"
56,3,39,9,"Negative","Upregulate"
57,3,63,10,"Negative","Upregulate"
58,3,NA,11,"Negative","Upregulate"
59,3,62,12,"Negative","Upregulate"
60,3,41,13,"Negative","Upregulate"
61,3,60,14,"Negative","Upregulate"
62,3,13,15,"Negative","Upregulate"
63,3,88,16,"Negative","Upregulate"
64,3,84,17,"Negative","Upregulate"
65,3,44,18,"Negative","Upregulate"
66,3,NA,19,"Negative","Upregulate"
67,3,57,20,"Negative","Upregulate"
68,3,48,21,"Negative","Upregulate"
69,3,51,22,"Negative","Upregulate"
70,3,NA,23,"Negative","Upregulate"
71,3,NA,24,"Negative","Upregulate"
72,3,33,25,"Negative","Upregulate"
73,3,NA,26,"Negative","Upregulate"
74,3,NA,27,"Negative","Upregulate"
75,3,19,28,"Negative","Upregulate"
76,3,0,29,"Negative","Upregulate"
77,3,11,30,"Negative","Upregulate"
78,3,78,31,"Negative","Upregulate"
79,3,66,32,"Negative","Upregulate"
80,3,100,33,"Negative","Upregulate"
81,3,15,34,"Negative","Upregulate"
82,3,74,35,"Negative","Upregulate"
83,3,18,36,"Negative","Upregulate"
84,3,81,37,"Negative","Upregulate"
85,3,74,38,"Negative","Upregulate"
86,3,0,39,"Negative","Upregulate"
48,4,65,1,"Negative","Upregulate"
49,4,9,2,"Negative","Upregulate"
50,4,33,3,"Negative","Upregulate"
51,4,24,4,"Negative","Upregulate"
52,4,5,5,"Negative","Upregulate"
53,4,0,6,"Negative","Upregulate"
54,4,18,7,"Negative","Upregulate"
55,4,42,8,"Negative","Upregulate"
56,4,10,9,"Negative","Upregulate"
57,4,83,10,"Negative","Upregulate"
58,4,NA,11,"Negative","Upregulate"
59,4,54,12,"Negative","Upregulate"
60,4,48,13,"Negative","Upregulate"
61,4,25,14,"Negative","Upregulate"
62,4,35,15,"Negative","Upregulate"
63,4,89,16,"Negative","Upregulate"
64,4,80,17,"Negative","Upregulate"
65,4,80,18,"Negative","Upregulate"
66,4,NA,19,"Negative","Upregulate"
67,4,7,20,"Negative","Upregulate"
68,4,36,21,"Negative","Upregulate"
69,4,65,22,"Negative","Upregulate"
70,4,NA,23,"Negative","Upregulate"
71,4,NA,24,"Negative","Upregulate"
72,4,94,25,"Negative","Upregulate"
73,4,NA,26,"Negative","Upregulate"
74,4,NA,27,"Negative","Upregulate"
75,4,35,28,"Negative","Upregulate"
76,4,8,29,"Negative","Upregulate"
77,4,20,30,"Negative","Upregulate"
78,4,55,31,"Negative","Upregulate"
79,4,77,32,"Negative","Upregulate"
80,4,91,33,"Negative","Upregulate"
81,4,0,34,"Negative","Upregulate"
82,4,42,35,"Negative","Upregulate"
83,4,30,36,"Negative","Upregulate"
84,4,34,37,"Negative","Upregulate"
85,4,14,38,"Negative","Upregulate"
86,4,0,39,"Negative","Upregulate"
48,5,72,1,"Negative","Upregulate"
49,5,8,2,"Negative","Upregulate"
50,5,48,3,"Negative","Upregulate"
51,5,9,4,"Negative","Upregulate"
52,5,0,5,"Negative","Upregulate"
53,5,27,6,"Negative","Upregulate"
54,5,79,7,"Negative","Upregulate"
55,5,0,8,"Negative","Upregulate"
56,5,26,9,"Negative","Upregulate"
57,5,71,10,"Negative","Upregulate"
58,5,NA,11,"Negative","Upregulate"
59,5,63,12,"Negative","Upregulate"
60,5,27,13,"Negative","Upregulate"
61,5,23,14,"Negative","Upregulate"
62,5,42,15,"Negative","Upregulate"
63,5,80,16,"Negative","Upregulate"
64,5,82,17,"Negative","Upregulate"
65,5,93,18,"Negative","Upregulate"
66,5,NA,19,"Negative","Upregulate"
67,5,67,20,"Negative","Upregulate"
68,5,57,21,"Negative","Upregulate"
69,5,14,22,"Negative","Upregulate"
70,5,NA,23,"Negative","Upregulate"
71,5,NA,24,"Negative","Upregulate"
72,5,30,25,"Negative","Upregulate"
73,5,NA,26,"Negative","Upregulate"
74,5,NA,27,"Negative","Upregulate"
75,5,0,28,"Negative","Upregulate"
76,5,0,29,"Negative","Upregulate"
77,5,58,30,"Negative","Upregulate"
78,5,81,31,"Negative","Upregulate"
79,5,27,32,"Negative","Upregulate"
80,5,98,33,"Negative","Upregulate"
81,5,24,34,"Negative","Upregulate"
82,5,46,35,"Negative","Upregulate"
83,5,11,36,"Negative","Upregulate"
84,5,0,37,"Negative","Upregulate"
85,5,71,38,"Negative","Upregulate"
86,5,0,39,"Negative","Upregulate"
48,6,34,1,"Negative","Upregulate"
49,6,30,2,"Negative","Upregulate"
50,6,32,3,"Negative","Upregulate"
51,6,46,4,"Negative","Upregulate"
52,6,49,5,"Negative","Upregulate"
53,6,11,6,"Negative","Upregulate"
54,6,59,7,"Negative","Upregulate"
55,6,41,8,"Negative","Upregulate"
56,6,12,9,"Negative","Upregulate"
57,6,91,10,"Negative","Upregulate"
58,6,NA,11,"Negative","Upregulate"
59,6,49,12,"Negative","Upregulate"
60,6,62,13,"Negative","Upregulate"
61,6,35,14,"Negative","Upregulate"
62,6,22,15,"Negative","Upregulate"
63,6,100,16,"Negative","Upregulate"
64,6,32,17,"Negative","Upregulate"
65,6,97,18,"Negative","Upregulate"
66,6,NA,19,"Negative","Upregulate"
67,6,29,20,"Negative","Upregulate"
68,6,17,21,"Negative","Upregulate"
69,6,67,22,"Negative","Upregulate"
70,6,NA,23,"Negative","Upregulate"
71,6,NA,24,"Negative","Upregulate"
72,6,100,25,"Negative","Upregulate"
73,6,NA,26,"Negative","Upregulate"
74,6,NA,27,"Negative","Upregulate"
75,6,44,28,"Negative","Upregulate"
76,6,12,29,"Negative","Upregulate"
77,6,48,30,"Negative","Upregulate"
78,6,55,31,"Negative","Upregulate"
79,6,100,32,"Negative","Upregulate"
80,6,48,33,"Negative","Upregulate"
81,6,0,34,"Negative","Upregulate"
82,6,89,35,"Negative","Upregulate"
83,6,34,36,"Negative","Upregulate"
84,6,58,37,"Negative","Upregulate"
85,6,5,38,"Negative","Upregulate"
86,6,0,39,"Negative","Upregulate"
48,7,68,1,"Negative","Upregulate"
49,7,12,2,"Negative","Upregulate"
50,7,69,3,"Negative","Upregulate"
51,7,10,4,"Negative","Upregulate"
52,7,15,5,"Negative","Upregulate"
53,7,0,6,"Negative","Upregulate"
54,7,83,7,"Negative","Upregulate"
55,7,11,8,"Negative","Upregulate"
56,7,21,9,"Negative","Upregulate"
57,7,62,10,"Negative","Upregulate"
58,7,NA,11,"Negative","Upregulate"
59,7,51,12,"Negative","Upregulate"
60,7,64,13,"Negative","Upregulate"
61,7,23,14,"Negative","Upregulate"
62,7,51,15,"Negative","Upregulate"
63,7,84,16,"Negative","Upregulate"
64,7,100,17,"Negative","Upregulate"
65,7,82,18,"Negative","Upregulate"
66,7,NA,19,"Negative","Upregulate"
67,7,34,20,"Negative","Upregulate"
68,7,72,21,"Negative","Upregulate"
69,7,27,22,"Negative","Upregulate"
70,7,NA,23,"Negative","Upregulate"
71,7,NA,24,"Negative","Upregulate"
72,7,20,25,"Negative","Upregulate"
73,7,NA,26,"Negative","Upregulate"
74,7,NA,27,"Negative","Upregulate"
75,7,21,28,"Negative","Upregulate"
76,7,0,29,"Negative","Upregulate"
77,7,0,30,"Negative","Upregulate"
78,7,80,31,"Negative","Upregulate"
79,7,60,32,"Negative","Upregulate"
80,7,83,33,"Negative","Upregulate"
81,7,27,34,"Negative","Upregulate"
82,7,54,35,"Negative","Upregulate"
83,7,27,36,"Negative","Upregulate"
84,7,0,37,"Negative","Upregulate"
85,7,11,38,"Negative","Upregulate"
86,7,0,39,"Negative","Upregulate"
48,8,15,1,"Negative","Upregulate"
49,8,17,2,"Negative","Upregulate"
50,8,23,3,"Negative","Upregulate"
51,8,18,4,"Negative","Upregulate"
52,8,5,5,"Negative","Upregulate"
53,8,0,6,"Negative","Upregulate"
54,8,51,7,"Negative","Upregulate"
55,8,23,8,"Negative","Upregulate"
56,8,8,9,"Negative","Upregulate"
57,8,80,10,"Negative","Upregulate"
58,8,NA,11,"Negative","Upregulate"
59,8,0,12,"Negative","Upregulate"
60,8,53,13,"Negative","Upregulate"
61,8,31,14,"Negative","Upregulate"
62,8,4,15,"Negative","Upregulate"
63,8,100,16,"Negative","Upregulate"
64,8,45,17,"Negative","Upregulate"
65,8,80,18,"Negative","Upregulate"
66,8,NA,19,"Negative","Upregulate"
67,8,21,20,"Negative","Upregulate"
68,8,6,21,"Negative","Upregulate"
69,8,73,22,"Negative","Upregulate"
70,8,NA,23,"Negative","Upregulate"
71,8,NA,24,"Negative","Upregulate"
72,8,100,25,"Negative","Upregulate"
73,8,NA,26,"Negative","Upregulate"
74,8,NA,27,"Negative","Upregulate"
75,8,39,28,"Negative","Upregulate"
76,8,8,29,"Negative","Upregulate"
77,8,29,30,"Negative","Upregulate"
78,8,35,31,"Negative","Upregulate"
79,8,72,32,"Negative","Upregulate"
80,8,54,33,"Negative","Upregulate"
81,8,0,34,"Negative","Upregulate"
82,8,18,35,"Negative","Upregulate"
83,8,32,36,"Negative","Upregulate"
84,8,77,37,"Negative","Upregulate"
85,8,10,38,"Negative","Upregulate"
86,8,10,39,"Negative","Upregulate"
48,9,75,1,"Negative","Upregulate"
49,9,29,2,"Negative","Upregulate"
50,9,60,3,"Negative","Upregulate"
51,9,34,4,"Negative","Upregulate"
52,9,20,5,"Negative","Upregulate"
53,9,13,6,"Negative","Upregulate"
54,9,56,7,"Negative","Upregulate"
55,9,43,8,"Negative","Upregulate"
56,9,20,9,"Negative","Upregulate"
57,9,65,10,"Negative","Upregulate"
58,9,NA,11,"Negative","Upregulate"
59,9,38,12,"Negative","Upregulate"
60,9,80,13,"Negative","Upregulate"
61,9,39,14,"Negative","Upregulate"
62,9,0,15,"Negative","Upregulate"
63,9,83,16,"Negative","Upregulate"
64,9,88,17,"Negative","Upregulate"
65,9,95,18,"Negative","Upregulate"
66,9,NA,19,"Negative","Upregulate"
67,9,68,20,"Negative","Upregulate"
68,9,50,21,"Negative","Upregulate"
69,9,58,22,"Negative","Upregulate"
70,9,NA,23,"Negative","Upregulate"
71,9,NA,24,"Negative","Upregulate"
72,9,48,25,"Negative","Upregulate"
73,9,NA,26,"Negative","Upregulate"
74,9,NA,27,"Negative","Upregulate"
75,9,20,28,"Negative","Upregulate"
76,9,11,29,"Negative","Upregulate"
77,9,57,30,"Negative","Upregulate"
78,9,68,31,"Negative","Upregulate"
79,9,100,32,"Negative","Upregulate"
80,9,91,33,"Negative","Upregulate"
81,9,26,34,"Negative","Upregulate"
82,9,15,35,"Negative","Upregulate"
83,9,21,36,"Negative","Upregulate"
84,9,12,37,"Negative","Upregulate"
85,9,82,38,"Negative","Upregulate"
86,9,0,39,"Negative","Upregulate"
48,10,71,1,"Negative","Upregulate"
49,10,21,2,"Negative","Upregulate"
50,10,72,3,"Negative","Upregulate"
51,10,26,4,"Negative","Upregulate"
52,10,9,5,"Negative","Upregulate"
53,10,0,6,"Negative","Upregulate"
54,10,38,7,"Negative","Upregulate"
55,10,0,8,"Negative","Upregulate"
56,10,20,9,"Negative","Upregulate"
57,10,74,10,"Negative","Upregulate"
58,10,NA,11,"Negative","Upregulate"
59,10,20,12,"Negative","Upregulate"
60,10,79,13,"Negative","Upregulate"
61,10,25,14,"Negative","Upregulate"
62,10,4,15,"Negative","Upregulate"
63,10,81,16,"Negative","Upregulate"
64,10,50,17,"Negative","Upregulate"
65,10,83,18,"Negative","Upregulate"
66,10,NA,19,"Negative","Upregulate"
67,10,6,20,"Negative","Upregulate"
68,10,66,21,"Negative","Upregulate"
69,10,48,22,"Negative","Upregulate"
70,10,NA,23,"Negative","Upregulate"
71,10,NA,24,"Negative","Upregulate"
72,10,44,25,"Negative","Upregulate"
73,10,NA,26,"Negative","Upregulate"
74,10,NA,27,"Negative","Upregulate"
75,10,12,28,"Negative","Upregulate"
76,10,0,29,"Negative","Upregulate"
77,10,23,30,"Negative","Upregulate"
78,10,49,31,"Negative","Upregulate"
79,10,69,32,"Negative","Upregulate"
80,10,67,33,"Negative","Upregulate"
81,10,0,34,"Negative","Upregulate"
82,10,62,35,"Negative","Upregulate"
83,10,44,36,"Negative","Upregulate"
84,10,100,37,"Negative","Upregulate"
85,10,0,38,"Negative","Upregulate"
86,10,10,39,"Negative","Upregulate"
48,11,75,1,"Negative","Upregulate"
49,11,9,2,"Negative","Upregulate"
50,11,45,3,"Negative","Upregulate"
51,11,46,4,"Negative","Upregulate"
52,11,0,5,"Negative","Upregulate"
53,11,7,6,"Negative","Upregulate"
54,11,62,7,"Negative","Upregulate"
55,11,19,8,"Negative","Upregulate"
56,11,0,9,"Negative","Upregulate"
57,11,71,10,"Negative","Upregulate"
58,11,NA,11,"Negative","Upregulate"
59,11,41,12,"Negative","Upregulate"
60,11,11,13,"Negative","Upregulate"
61,11,8,14,"Negative","Upregulate"
62,11,40,15,"Negative","Upregulate"
63,11,100,16,"Negative","Upregulate"
64,11,63,17,"Negative","Upregulate"
65,11,65,18,"Negative","Upregulate"
66,11,NA,19,"Negative","Upregulate"
67,11,40,20,"Negative","Upregulate"
68,11,44,21,"Negative","Upregulate"
69,11,63,22,"Negative","Upregulate"
70,11,NA,23,"Negative","Upregulate"
71,11,NA,24,"Negative","Upregulate"
72,11,85,25,"Negative","Upregulate"
73,11,NA,26,"Negative","Upregulate"
74,11,NA,27,"Negative","Upregulate"
75,11,16,28,"Negative","Upregulate"
76,11,0,29,"Negative","Upregulate"
77,11,6,30,"Negative","Upregulate"
78,11,62,31,"Negative","Upregulate"
79,11,57,32,"Negative","Upregulate"
80,11,93,33,"Negative","Upregulate"
81,11,18,34,"Negative","Upregulate"
82,11,52,35,"Negative","Upregulate"
83,11,35,36,"Negative","Upregulate"
84,11,6,37,"Negative","Upregulate"
85,11,58,38,"Negative","Upregulate"
86,11,0,39,"Negative","Upregulate"
48,12,15,1,"Negative","Upregulate"
49,12,29,2,"Negative","Upregulate"
50,12,32,3,"Negative","Upregulate"
51,12,67,4,"Negative","Upregulate"
52,12,6,5,"Negative","Upregulate"
53,12,0,6,"Negative","Upregulate"
54,12,16,7,"Negative","Upregulate"
55,12,41,8,"Negative","Upregulate"
56,12,0,9,"Negative","Upregulate"
57,12,84,10,"Negative","Upregulate"
58,12,NA,11,"Negative","Upregulate"
59,12,50,12,"Negative","Upregulate"
60,12,80,13,"Negative","Upregulate"
61,12,62,14,"Negative","Upregulate"
62,12,4,15,"Negative","Upregulate"
63,12,98,16,"Negative","Upregulate"
64,12,57,17,"Negative","Upregulate"
65,12,84,18,"Negative","Upregulate"
66,12,NA,19,"Negative","Upregulate"
67,12,27,20,"Negative","Upregulate"
68,12,26,21,"Negative","Upregulate"
69,12,68,22,"Negative","Upregulate"
70,12,NA,23,"Negative","Upregulate"
71,12,NA,24,"Negative","Upregulate"
72,12,100,25,"Negative","Upregulate"
73,12,NA,26,"Negative","Upregulate"
74,12,NA,27,"Negative","Upregulate"
75,12,45,28,"Negative","Upregulate"
76,12,0,29,"Negative","Upregulate"
77,12,59,30,"Negative","Upregulate"
78,12,61,31,"Negative","Upregulate"
79,12,100,32,"Negative","Upregulate"
80,12,52,33,"Negative","Upregulate"
81,12,0,34,"Negative","Upregulate"
82,12,77,35,"Negative","Upregulate"
83,12,55,36,"Negative","Upregulate"
84,12,87,37,"Negative","Upregulate"
85,12,6,38,"Negative","Upregulate"
86,12,0,39,"Negative","Upregulate"
48,13,55,1,"Negative","Upregulate"
49,13,5,2,"Negative","Upregulate"
50,13,67,3,"Negative","Upregulate"
51,13,33,4,"Negative","Upregulate"
52,13,3,5,"Negative","Upregulate"
53,13,13,6,"Negative","Upregulate"
54,13,69,7,"Negative","Upregulate"
55,13,11,8,"Negative","Upregulate"
56,13,32,9,"Negative","Upregulate"
57,13,90,10,"Negative","Upregulate"
58,13,NA,11,"Negative","Upregulate"
59,13,14,12,"Negative","Upregulate"
60,13,15,13,"Negative","Upregulate"
61,13,31,14,"Negative","Upregulate"
62,13,50,15,"Negative","Upregulate"
63,13,100,16,"Negative","Upregulate"
64,13,89,17,"Negative","Upregulate"
65,13,70,18,"Negative","Upregulate"
66,13,NA,19,"Negative","Upregulate"
67,13,53,20,"Negative","Upregulate"
68,13,49,21,"Negative","Upregulate"
69,13,21,22,"Negative","Upregulate"
70,13,NA,23,"Negative","Upregulate"
71,13,NA,24,"Negative","Upregulate"
72,13,37,25,"Negative","Upregulate"
73,13,NA,26,"Negative","Upregulate"
74,13,NA,27,"Negative","Upregulate"
75,13,0,28,"Negative","Upregulate"
76,13,6,29,"Negative","Upregulate"
77,13,9,30,"Negative","Upregulate"
78,13,67,31,"Negative","Upregulate"
79,13,38,32,"Negative","Upregulate"
80,13,100,33,"Negative","Upregulate"
81,13,36,34,"Negative","Upregulate"
82,13,10,35,"Negative","Upregulate"
83,13,0,36,"Negative","Upregulate"
84,13,0,37,"Negative","Upregulate"
85,13,51,38,"Negative","Upregulate"
86,13,0,39,"Negative","Upregulate"
48,14,64,1,"Negative","Upregulate"
49,14,15,2,"Negative","Upregulate"
50,14,62,3,"Negative","Upregulate"
51,14,87,4,"Negative","Upregulate"
52,14,0,5,"Negative","Upregulate"
53,14,0,6,"Negative","Upregulate"
54,14,48,7,"Negative","Upregulate"
55,14,20,8,"Negative","Upregulate"
56,14,33,9,"Negative","Upregulate"
57,14,93,10,"Negative","Upregulate"
58,14,NA,11,"Negative","Upregulate"
59,14,38,12,"Negative","Upregulate"
60,14,44,13,"Negative","Upregulate"
61,14,68,14,"Negative","Upregulate"
62,14,32,15,"Negative","Upregulate"
63,14,99,16,"Negative","Upregulate"
64,14,81,17,"Negative","Upregulate"
65,14,94,18,"Negative","Upregulate"
66,14,NA,19,"Negative","Upregulate"
67,14,35,20,"Negative","Upregulate"
68,14,61,21,"Negative","Upregulate"
69,14,51,22,"Negative","Upregulate"
70,14,NA,23,"Negative","Upregulate"
71,14,NA,24,"Negative","Upregulate"
72,14,100,25,"Negative","Upregulate"
73,14,NA,26,"Negative","Upregulate"
74,14,NA,27,"Negative","Upregulate"
75,14,28,28,"Negative","Upregulate"
76,14,0,29,"Negative","Upregulate"
77,14,42,30,"Negative","Upregulate"
78,14,39,31,"Negative","Upregulate"
79,14,55,32,"Negative","Upregulate"
80,14,82,33,"Negative","Upregulate"
81,14,27,34,"Negative","Upregulate"
82,14,31,35,"Negative","Upregulate"
83,14,47,36,"Negative","Upregulate"
84,14,91,37,"Negative","Upregulate"
85,14,52,38,"Negative","Upregulate"
86,14,0,39,"Negative","Upregulate"
48,15,68,1,"Negative","Upregulate"
49,15,44,2,"Negative","Upregulate"
50,15,68,3,"Negative","Upregulate"
51,15,70,4,"Negative","Upregulate"
52,15,0,5,"Negative","Upregulate"
53,15,0,6,"Negative","Upregulate"
54,15,62,7,"Negative","Upregulate"
55,15,34,8,"Negative","Upregulate"
56,15,23,9,"Negative","Upregulate"
57,15,50,10,"Negative","Upregulate"
58,15,NA,11,"Negative","Upregulate"
59,15,13,12,"Negative","Upregulate"
60,15,93,13,"Negative","Upregulate"
61,15,48,14,"Negative","Upregulate"
62,15,20,15,"Negative","Upregulate"
63,15,100,16,"Negative","Upregulate"
64,15,73,17,"Negative","Upregulate"
65,15,20,18,"Negative","Upregulate"
66,15,NA,19,"Negative","Upregulate"
67,15,48,20,"Negative","Upregulate"
68,15,61,21,"Negative","Upregulate"
69,15,5,22,"Negative","Upregulate"
70,15,NA,23,"Negative","Upregulate"
71,15,NA,24,"Negative","Upregulate"
72,15,9,25,"Negative","Upregulate"
73,15,NA,26,"Negative","Upregulate"
74,15,NA,27,"Negative","Upregulate"
75,15,36,28,"Negative","Upregulate"
76,15,0,29,"Negative","Upregulate"
77,15,0,30,"Negative","Upregulate"
78,15,74,31,"Negative","Upregulate"
79,15,17,32,"Negative","Upregulate"
80,15,90,33,"Negative","Upregulate"
81,15,31,34,"Negative","Upregulate"
82,15,67,35,"Negative","Upregulate"
83,15,19,36,"Negative","Upregulate"
84,15,32,37,"Negative","Upregulate"
85,15,46,38,"Negative","Upregulate"
86,15,0,39,"Negative","Upregulate"
48,16,78,1,"Negative","Upregulate"
49,16,23,2,"Negative","Upregulate"
50,16,57,3,"Negative","Upregulate"
51,16,73,4,"Negative","Upregulate"
52,16,0,5,"Negative","Upregulate"
53,16,0,6,"Negative","Upregulate"
54,16,67,7,"Negative","Upregulate"
55,16,0,8,"Negative","Upregulate"
56,16,52,9,"Negative","Upregulate"
57,16,92,10,"Negative","Upregulate"
58,16,NA,11,"Negative","Upregulate"
59,16,0,12,"Negative","Upregulate"
60,16,90,13,"Negative","Upregulate"
61,16,46,14,"Negative","Upregulate"
62,16,45,15,"Negative","Upregulate"
63,16,100,16,"Negative","Upregulate"
64,16,87,17,"Negative","Upregulate"
65,16,74,18,"Negative","Upregulate"
66,16,NA,19,"Negative","Upregulate"
67,16,37,20,"Negative","Upregulate"
68,16,44,21,"Negative","Upregulate"
69,16,61,22,"Negative","Upregulate"
70,16,NA,23,"Negative","Upregulate"
71,16,NA,24,"Negative","Upregulate"
72,16,100,25,"Negative","Upregulate"
73,16,NA,26,"Negative","Upregulate"
74,16,NA,27,"Negative","Upregulate"
75,16,48,28,"Negative","Upregulate"
76,16,10,29,"Negative","Upregulate"
77,16,11,30,"Negative","Upregulate"
78,16,71,31,"Negative","Upregulate"
79,16,78,32,"Negative","Upregulate"
80,16,93,33,"Negative","Upregulate"
81,16,45,34,"Negative","Upregulate"
82,16,94,35,"Negative","Upregulate"
83,16,21,36,"Negative","Upregulate"
84,16,47,37,"Negative","Upregulate"
85,16,19,38,"Negative","Upregulate"
86,16,20,39,"Negative","Upregulate"
48,1,2,1,"Neutral","Upregulate"
49,1,0,2,"Neutral","Upregulate"
50,1,6,3,"Neutral","Upregulate"
51,1,0,4,"Neutral","Upregulate"
52,1,0,5,"Neutral","Upregulate"
53,1,0,6,"Neutral","Upregulate"
54,1,0,7,"Neutral","Upregulate"
55,1,0,8,"Neutral","Upregulate"
56,1,0,9,"Neutral","Upregulate"
57,1,0,10,"Neutral","Upregulate"
58,1,NA,11,"Neutral","Upregulate"
59,1,39,12,"Neutral","Upregulate"
60,1,0,13,"Neutral","Upregulate"
61,1,3,14,"Neutral","Upregulate"
62,1,9,15,"Neutral","Upregulate"
63,1,0,16,"Neutral","Upregulate"
64,1,0,17,"Neutral","Upregulate"
65,1,1,18,"Neutral","Upregulate"
66,1,NA,19,"Neutral","Upregulate"
67,1,0,20,"Neutral","Upregulate"
68,1,0,21,"Neutral","Upregulate"
69,1,0,22,"Neutral","Upregulate"
70,1,NA,23,"Neutral","Upregulate"
71,1,NA,24,"Neutral","Upregulate"
72,1,0,25,"Neutral","Upregulate"
73,1,NA,26,"Neutral","Upregulate"
74,1,NA,27,"Neutral","Upregulate"
75,1,0,28,"Neutral","Upregulate"
76,1,0,29,"Neutral","Upregulate"
77,1,0,30,"Neutral","Upregulate"
78,1,0,31,"Neutral","Upregulate"
79,1,0,32,"Neutral","Upregulate"
80,1,7,33,"Neutral","Upregulate"
81,1,0,34,"Neutral","Upregulate"
82,1,0,35,"Neutral","Upregulate"
83,1,0,36,"Neutral","Upregulate"
84,1,0,37,"Neutral","Upregulate"
85,1,0,38,"Neutral","Upregulate"
86,1,0,39,"Neutral","Upregulate"
48,2,0,1,"Neutral","Upregulate"
49,2,0,2,"Neutral","Upregulate"
50,2,25,3,"Neutral","Upregulate"
51,2,6,4,"Neutral","Upregulate"
52,2,0,5,"Neutral","Upregulate"
53,2,0,6,"Neutral","Upregulate"
54,2,13,7,"Neutral","Upregulate"
55,2,0,8,"Neutral","Upregulate"
56,2,0,9,"Neutral","Upregulate"
57,2,27,10,"Neutral","Upregulate"
58,2,NA,11,"Neutral","Upregulate"
59,2,46,12,"Neutral","Upregulate"
60,2,10,13,"Neutral","Upregulate"
61,2,24,14,"Neutral","Upregulate"
62,2,13,15,"Neutral","Upregulate"
63,2,13,16,"Neutral","Upregulate"
64,2,51,17,"Neutral","Upregulate"
65,2,0,18,"Neutral","Upregulate"
66,2,NA,19,"Neutral","Upregulate"
67,2,0,20,"Neutral","Upregulate"
68,2,0,21,"Neutral","Upregulate"
69,2,0,22,"Neutral","Upregulate"
70,2,NA,23,"Neutral","Upregulate"
71,2,NA,24,"Neutral","Upregulate"
72,2,0,25,"Neutral","Upregulate"
73,2,NA,26,"Neutral","Upregulate"
74,2,NA,27,"Neutral","Upregulate"
75,2,0,28,"Neutral","Upregulate"
76,2,0,29,"Neutral","Upregulate"
77,2,0,30,"Neutral","Upregulate"
78,2,0,31,"Neutral","Upregulate"
79,2,23,32,"Neutral","Upregulate"
80,2,6,33,"Neutral","Upregulate"
81,2,0,34,"Neutral","Upregulate"
82,2,0,35,"Neutral","Upregulate"
83,2,6,36,"Neutral","Upregulate"
84,2,73,37,"Neutral","Upregulate"
85,2,20,38,"Neutral","Upregulate"
86,2,0,39,"Neutral","Upregulate"
48,3,8,1,"Neutral","Upregulate"
49,3,0,2,"Neutral","Upregulate"
50,3,11,3,"Neutral","Upregulate"
51,3,0,4,"Neutral","Upregulate"
52,3,0,5,"Neutral","Upregulate"
53,3,0,6,"Neutral","Upregulate"
54,3,26,7,"Neutral","Upregulate"
55,3,0,8,"Neutral","Upregulate"
56,3,0,9,"Neutral","Upregulate"
57,3,0,10,"Neutral","Upregulate"
58,3,NA,11,"Neutral","Upregulate"
59,3,54,12,"Neutral","Upregulate"
60,3,0,13,"Neutral","Upregulate"
61,3,0,14,"Neutral","Upregulate"
62,3,0,15,"Neutral","Upregulate"
63,3,0,16,"Neutral","Upregulate"
64,3,8,17,"Neutral","Upregulate"
65,3,0,18,"Neutral","Upregulate"
66,3,NA,19,"Neutral","Upregulate"
67,3,27,20,"Neutral","Upregulate"
68,3,20,21,"Neutral","Upregulate"
69,3,0,22,"Neutral","Upregulate"
70,3,NA,23,"Neutral","Upregulate"
71,3,NA,24,"Neutral","Upregulate"
72,3,0,25,"Neutral","Upregulate"
73,3,NA,26,"Neutral","Upregulate"
74,3,NA,27,"Neutral","Upregulate"
75,3,0,28,"Neutral","Upregulate"
76,3,0,29,"Neutral","Upregulate"
77,3,0,30,"Neutral","Upregulate"
78,3,0,31,"Neutral","Upregulate"
79,3,0,32,"Neutral","Upregulate"
80,3,59,33,"Neutral","Upregulate"
81,3,7,34,"Neutral","Upregulate"
82,3,0,35,"Neutral","Upregulate"
83,3,0,36,"Neutral","Upregulate"
84,3,0,37,"Neutral","Upregulate"
85,3,0,38,"Neutral","Upregulate"
86,3,0,39,"Neutral","Upregulate"
48,4,0,1,"Neutral","Upregulate"
49,4,0,2,"Neutral","Upregulate"
50,4,14,3,"Neutral","Upregulate"
51,4,0,4,"Neutral","Upregulate"
52,4,0,5,"Neutral","Upregulate"
53,4,0,6,"Neutral","Upregulate"
54,4,0,7,"Neutral","Upregulate"
55,4,10,8,"Neutral","Upregulate"
56,4,0,9,"Neutral","Upregulate"
57,4,0,10,"Neutral","Upregulate"
58,4,NA,11,"Neutral","Upregulate"
59,4,100,12,"Neutral","Upregulate"
60,4,7,13,"Neutral","Upregulate"
61,4,31,14,"Neutral","Upregulate"
62,4,3,15,"Neutral","Upregulate"
63,4,0,16,"Neutral","Upregulate"
64,4,55,17,"Neutral","Upregulate"
65,4,13,18,"Neutral","Upregulate"
66,4,NA,19,"Neutral","Upregulate"
67,4,0,20,"Neutral","Upregulate"
68,4,1,21,"Neutral","Upregulate"
69,4,4,22,"Neutral","Upregulate"
70,4,NA,23,"Neutral","Upregulate"
71,4,NA,24,"Neutral","Upregulate"
72,4,0,25,"Neutral","Upregulate"
73,4,NA,26,"Neutral","Upregulate"
74,4,NA,27,"Neutral","Upregulate"
75,4,0,28,"Neutral","Upregulate"
76,4,0,29,"Neutral","Upregulate"
77,4,0,30,"Neutral","Upregulate"
78,4,54,31,"Neutral","Upregulate"
79,4,0,32,"Neutral","Upregulate"
80,4,32,33,"Neutral","Upregulate"
81,4,0,34,"Neutral","Upregulate"
82,4,0,35,"Neutral","Upregulate"
83,4,0,36,"Neutral","Upregulate"
84,4,0,37,"Neutral","Upregulate"
85,4,0,38,"Neutral","Upregulate"
86,4,0,39,"Neutral","Upregulate"
48,5,5,1,"Neutral","Upregulate"
49,5,0,2,"Neutral","Upregulate"
50,5,14,3,"Neutral","Upregulate"
51,5,3,4,"Neutral","Upregulate"
52,5,0,5,"Neutral","Upregulate"
53,5,0,6,"Neutral","Upregulate"
54,5,16,7,"Neutral","Upregulate"
55,5,11,8,"Neutral","Upregulate"
56,5,0,9,"Neutral","Upregulate"
57,5,0,10,"Neutral","Upregulate"
58,5,NA,11,"Neutral","Upregulate"
59,5,20,12,"Neutral","Upregulate"
60,5,13,13,"Neutral","Upregulate"
61,5,0,14,"Neutral","Upregulate"
62,5,0,15,"Neutral","Upregulate"
63,5,7,16,"Neutral","Upregulate"
64,5,32,17,"Neutral","Upregulate"
65,5,4,18,"Neutral","Upregulate"
66,5,NA,19,"Neutral","Upregulate"
67,5,0,20,"Neutral","Upregulate"
68,5,5,21,"Neutral","Upregulate"
69,5,8,22,"Neutral","Upregulate"
70,5,NA,23,"Neutral","Upregulate"
71,5,NA,24,"Neutral","Upregulate"
72,5,2,25,"Neutral","Upregulate"
73,5,NA,26,"Neutral","Upregulate"
74,5,NA,27,"Neutral","Upregulate"
75,5,9,28,"Neutral","Upregulate"
76,5,0,29,"Neutral","Upregulate"
77,5,0,30,"Neutral","Upregulate"
78,5,0,31,"Neutral","Upregulate"
79,5,0,32,"Neutral","Upregulate"
80,5,23,33,"Neutral","Upregulate"
81,5,5,34,"Neutral","Upregulate"
82,5,0,35,"Neutral","Upregulate"
83,5,11,36,"Neutral","Upregulate"
84,5,0,37,"Neutral","Upregulate"
85,5,0,38,"Neutral","Upregulate"
86,5,0,39,"Neutral","Upregulate"
48,6,0,1,"Neutral","Upregulate"
49,6,0,2,"Neutral","Upregulate"
50,6,10,3,"Neutral","Upregulate"
51,6,0,4,"Neutral","Upregulate"
52,6,4,5,"Neutral","Upregulate"
53,6,0,6,"Neutral","Upregulate"
54,6,6,7,"Neutral","Upregulate"
55,6,0,8,"Neutral","Upregulate"
56,6,0,9,"Neutral","Upregulate"
57,6,0,10,"Neutral","Upregulate"
58,6,NA,11,"Neutral","Upregulate"
59,6,0,12,"Neutral","Upregulate"
60,6,11,13,"Neutral","Upregulate"
61,6,23,14,"Neutral","Upregulate"
62,6,0,15,"Neutral","Upregulate"
63,6,11,16,"Neutral","Upregulate"
64,6,0,17,"Neutral","Upregulate"
65,6,0,18,"Neutral","Upregulate"
66,6,NA,19,"Neutral","Upregulate"
67,6,0,20,"Neutral","Upregulate"
68,6,0,21,"Neutral","Upregulate"
69,6,0,22,"Neutral","Upregulate"
70,6,NA,23,"Neutral","Upregulate"
71,6,NA,24,"Neutral","Upregulate"
72,6,0,25,"Neutral","Upregulate"
73,6,NA,26,"Neutral","Upregulate"
74,6,NA,27,"Neutral","Upregulate"
75,6,0,28,"Neutral","Upregulate"
76,6,0,29,"Neutral","Upregulate"
77,6,0,30,"Neutral","Upregulate"
78,6,0,31,"Neutral","Upregulate"
79,6,10,32,"Neutral","Upregulate"
80,6,18,33,"Neutral","Upregulate"
81,6,0,34,"Neutral","Upregulate"
82,6,0,35,"Neutral","Upregulate"
83,6,0,36,"Neutral","Upregulate"
84,6,6,37,"Neutral","Upregulate"
85,6,0,38,"Neutral","Upregulate"
86,6,0,39,"Neutral","Upregulate"
48,7,7,1,"Neutral","Upregulate"
49,7,0,2,"Neutral","Upregulate"
50,7,18,3,"Neutral","Upregulate"
51,7,0,4,"Neutral","Upregulate"
52,7,0,5,"Neutral","Upregulate"
53,7,0,6,"Neutral","Upregulate"
54,7,15,7,"Neutral","Upregulate"
55,7,0,8,"Neutral","Upregulate"
56,7,0,9,"Neutral","Upregulate"
57,7,0,10,"Neutral","Upregulate"
58,7,NA,11,"Neutral","Upregulate"
59,7,39,12,"Neutral","Upregulate"
60,7,5,13,"Neutral","Upregulate"
61,7,0,14,"Neutral","Upregulate"
62,7,3,15,"Neutral","Upregulate"
63,7,0,16,"Neutral","Upregulate"
64,7,18,17,"Neutral","Upregulate"
65,7,0,18,"Neutral","Upregulate"
66,7,NA,19,"Neutral","Upregulate"
67,7,0,20,"Neutral","Upregulate"
68,7,7,21,"Neutral","Upregulate"
69,7,0,22,"Neutral","Upregulate"
70,7,NA,23,"Neutral","Upregulate"
71,7,NA,24,"Neutral","Upregulate"
72,7,0,25,"Neutral","Upregulate"
73,7,NA,26,"Neutral","Upregulate"
74,7,NA,27,"Neutral","Upregulate"
75,7,0,28,"Neutral","Upregulate"
76,7,0,29,"Neutral","Upregulate"
77,7,0,30,"Neutral","Upregulate"
78,7,0,31,"Neutral","Upregulate"
79,7,0,32,"Neutral","Upregulate"
80,7,38,33,"Neutral","Upregulate"
81,7,0,34,"Neutral","Upregulate"
82,7,0,35,"Neutral","Upregulate"
83,7,0,36,"Neutral","Upregulate"
84,7,17,37,"Neutral","Upregulate"
85,7,0,38,"Neutral","Upregulate"
86,7,33,39,"Neutral","Upregulate"
48,8,0,1,"Neutral","Upregulate"
49,8,0,2,"Neutral","Upregulate"
50,8,0,3,"Neutral","Upregulate"
51,8,23,4,"Neutral","Upregulate"
52,8,7,5,"Neutral","Upregulate"
53,8,0,6,"Neutral","Upregulate"
54,8,0,7,"Neutral","Upregulate"
55,8,15,8,"Neutral","Upregulate"
56,8,0,9,"Neutral","Upregulate"
57,8,0,10,"Neutral","Upregulate"
58,8,NA,11,"Neutral","Upregulate"
59,8,54,12,"Neutral","Upregulate"
60,8,26,13,"Neutral","Upregulate"
61,8,0,14,"Neutral","Upregulate"
62,8,0,15,"Neutral","Upregulate"
63,8,62,16,"Neutral","Upregulate"
64,8,0,17,"Neutral","Upregulate"
65,8,6,18,"Neutral","Upregulate"
66,8,NA,19,"Neutral","Upregulate"
67,8,0,20,"Neutral","Upregulate"
68,8,5,21,"Neutral","Upregulate"
69,8,0,22,"Neutral","Upregulate"
70,8,NA,23,"Neutral","Upregulate"
71,8,NA,24,"Neutral","Upregulate"
72,8,0,25,"Neutral","Upregulate"
73,8,NA,26,"Neutral","Upregulate"
74,8,NA,27,"Neutral","Upregulate"
75,8,0,28,"Neutral","Upregulate"
76,8,0,29,"Neutral","Upregulate"
77,8,0,30,"Neutral","Upregulate"
78,8,0,31,"Neutral","Upregulate"
79,8,36,32,"Neutral","Upregulate"
80,8,4,33,"Neutral","Upregulate"
81,8,0,34,"Neutral","Upregulate"
82,8,69,35,"Neutral","Upregulate"
83,8,7,36,"Neutral","Upregulate"
84,8,85,37,"Neutral","Upregulate"
85,8,0,38,"Neutral","Upregulate"
86,8,0,39,"Neutral","Upregulate"
48,9,55,1,"Neutral","Upregulate"
49,9,0,2,"Neutral","Upregulate"
50,9,33,3,"Neutral","Upregulate"
51,9,0,4,"Neutral","Upregulate"
52,9,12,5,"Neutral","Upregulate"
53,9,0,6,"Neutral","Upregulate"
54,9,56,7,"Neutral","Upregulate"
55,9,10,8,"Neutral","Upregulate"
56,9,0,9,"Neutral","Upregulate"
57,9,25,10,"Neutral","Upregulate"
58,9,NA,11,"Neutral","Upregulate"
59,9,29,12,"Neutral","Upregulate"
60,9,12,13,"Neutral","Upregulate"
61,9,68,14,"Neutral","Upregulate"
62,9,6,15,"Neutral","Upregulate"
63,9,36,16,"Neutral","Upregulate"
64,9,69,17,"Neutral","Upregulate"
65,9,8,18,"Neutral","Upregulate"
66,9,NA,19,"Neutral","Upregulate"
67,9,0,20,"Neutral","Upregulate"
68,9,36,21,"Neutral","Upregulate"
69,9,18,22,"Neutral","Upregulate"
70,9,NA,23,"Neutral","Upregulate"
71,9,NA,24,"Neutral","Upregulate"
72,9,4,25,"Neutral","Upregulate"
73,9,NA,26,"Neutral","Upregulate"
74,9,NA,27,"Neutral","Upregulate"
75,9,16,28,"Neutral","Upregulate"
76,9,0,29,"Neutral","Upregulate"
77,9,0,30,"Neutral","Upregulate"
78,9,26,31,"Neutral","Upregulate"
79,9,0,32,"Neutral","Upregulate"
80,9,12,33,"Neutral","Upregulate"
81,9,0,34,"Neutral","Upregulate"
82,9,14,35,"Neutral","Upregulate"
83,9,48,36,"Neutral","Upregulate"
84,9,0,37,"Neutral","Upregulate"
85,9,0,38,"Neutral","Upregulate"
86,9,49,39,"Neutral","Upregulate"
48,10,0,1,"Neutral","Upregulate"
49,10,0,2,"Neutral","Upregulate"
50,10,8,3,"Neutral","Upregulate"
51,10,0,4,"Neutral","Upregulate"
52,10,0,5,"Neutral","Upregulate"
53,10,0,6,"Neutral","Upregulate"
54,10,0,7,"Neutral","Upregulate"
55,10,0,8,"Neutral","Upregulate"
56,10,0,9,"Neutral","Upregulate"
57,10,0,10,"Neutral","Upregulate"
58,10,NA,11,"Neutral","Upregulate"
59,10,14,12,"Neutral","Upregulate"
60,10,0,13,"Neutral","Upregulate"
61,10,24,14,"Neutral","Upregulate"
62,10,0,15,"Neutral","Upregulate"
63,10,0,16,"Neutral","Upregulate"
64,10,65,17,"Neutral","Upregulate"
65,10,0,18,"Neutral","Upregulate"
66,10,NA,19,"Neutral","Upregulate"
67,10,0,20,"Neutral","Upregulate"
68,10,17,21,"Neutral","Upregulate"
69,10,28,22,"Neutral","Upregulate"
70,10,NA,23,"Neutral","Upregulate"
71,10,NA,24,"Neutral","Upregulate"
72,10,0,25,"Neutral","Upregulate"
73,10,NA,26,"Neutral","Upregulate"
74,10,NA,27,"Neutral","Upregulate"
75,10,0,28,"Neutral","Upregulate"
76,10,0,29,"Neutral","Upregulate"
77,10,0,30,"Neutral","Upregulate"
78,10,0,31,"Neutral","Upregulate"
79,10,8,32,"Neutral","Upregulate"
80,10,48,33,"Neutral","Upregulate"
81,10,0,34,"Neutral","Upregulate"
82,10,0,35,"Neutral","Upregulate"
83,10,0,36,"Neutral","Upregulate"
84,10,0,37,"Neutral","Upregulate"
85,10,0,38,"Neutral","Upregulate"
86,10,41,39,"Neutral","Upregulate"
48,11,18,1,"Neutral","Upregulate"
49,11,0,2,"Neutral","Upregulate"
50,11,32,3,"Neutral","Upregulate"
51,11,0,4,"Neutral","Upregulate"
52,11,0,5,"Neutral","Upregulate"
53,11,0,6,"Neutral","Upregulate"
54,11,12,7,"Neutral","Upregulate"
55,11,0,8,"Neutral","Upregulate"
56,11,0,9,"Neutral","Upregulate"
57,11,22,10,"Neutral","Upregulate"
58,11,NA,11,"Neutral","Upregulate"
59,11,23,12,"Neutral","Upregulate"
60,11,0,13,"Neutral","Upregulate"
61,11,19,14,"Neutral","Upregulate"
62,11,0,15,"Neutral","Upregulate"
63,11,51,16,"Neutral","Upregulate"
64,11,36,17,"Neutral","Upregulate"
65,11,27,18,"Neutral","Upregulate"
66,11,NA,19,"Neutral","Upregulate"
67,11,9,20,"Neutral","Upregulate"
68,11,14,21,"Neutral","Upregulate"
69,11,0,22,"Neutral","Upregulate"
70,11,NA,23,"Neutral","Upregulate"
71,11,NA,24,"Neutral","Upregulate"
72,11,0,25,"Neutral","Upregulate"
73,11,NA,26,"Neutral","Upregulate"
74,11,NA,27,"Neutral","Upregulate"
75,11,0,28,"Neutral","Upregulate"
76,11,0,29,"Neutral","Upregulate"
77,11,0,30,"Neutral","Upregulate"
78,11,0,31,"Neutral","Upregulate"
79,11,12,32,"Neutral","Upregulate"
80,11,27,33,"Neutral","Upregulate"
81,11,0,34,"Neutral","Upregulate"
82,11,17,35,"Neutral","Upregulate"
83,11,0,36,"Neutral","Upregulate"
84,11,10,37,"Neutral","Upregulate"
85,11,0,38,"Neutral","Upregulate"
86,11,0,39,"Neutral","Upregulate"
48,12,0,1,"Neutral","Upregulate"
49,12,6,2,"Neutral","Upregulate"
50,12,9,3,"Neutral","Upregulate"
51,12,33,4,"Neutral","Upregulate"
52,12,0,5,"Neutral","Upregulate"
53,12,0,6,"Neutral","Upregulate"
54,12,0,7,"Neutral","Upregulate"
55,12,8,8,"Neutral","Upregulate"
56,12,0,9,"Neutral","Upregulate"
57,12,34,10,"Neutral","Upregulate"
58,12,NA,11,"Neutral","Upregulate"
59,12,42,12,"Neutral","Upregulate"
60,12,13,13,"Neutral","Upregulate"
61,12,0,14,"Neutral","Upregulate"
62,12,0,15,"Neutral","Upregulate"
63,12,0,16,"Neutral","Upregulate"
64,12,55,17,"Neutral","Upregulate"
65,12,15,18,"Neutral","Upregulate"
66,12,NA,19,"Neutral","Upregulate"
67,12,0,20,"Neutral","Upregulate"
68,12,10,21,"Neutral","Upregulate"
69,12,19,22,"Neutral","Upregulate"
70,12,NA,23,"Neutral","Upregulate"
71,12,NA,24,"Neutral","Upregulate"
72,12,0,25,"Neutral","Upregulate"
73,12,NA,26,"Neutral","Upregulate"
74,12,NA,27,"Neutral","Upregulate"
75,12,0,28,"Neutral","Upregulate"
76,12,0,29,"Neutral","Upregulate"
77,12,0,30,"Neutral","Upregulate"
78,12,0,31,"Neutral","Upregulate"
79,12,0,32,"Neutral","Upregulate"
80,12,7,33,"Neutral","Upregulate"
81,12,0,34,"Neutral","Upregulate"
82,12,0,35,"Neutral","Upregulate"
83,12,18,36,"Neutral","Upregulate"
84,12,0,37,"Neutral","Upregulate"
85,12,0,38,"Neutral","Upregulate"
86,12,0,39,"Neutral","Upregulate"
48,13,0,1,"Neutral","Upregulate"
49,13,0,2,"Neutral","Upregulate"
50,13,10,3,"Neutral","Upregulate"
51,13,7,4,"Neutral","Upregulate"
52,13,0,5,"Neutral","Upregulate"
53,13,0,6,"Neutral","Upregulate"
54,13,25,7,"Neutral","Upregulate"
55,13,0,8,"Neutral","Upregulate"
56,13,0,9,"Neutral","Upregulate"
57,13,0,10,"Neutral","Upregulate"
58,13,NA,11,"Neutral","Upregulate"
59,13,12,12,"Neutral","Upregulate"
60,13,12,13,"Neutral","Upregulate"
61,13,10,14,"Neutral","Upregulate"
62,13,2,15,"Neutral","Upregulate"
63,13,0,16,"Neutral","Upregulate"
64,13,32,17,"Neutral","Upregulate"
65,13,11,18,"Neutral","Upregulate"
66,13,NA,19,"Neutral","Upregulate"
67,13,4,20,"Neutral","Upregulate"
68,13,32,21,"Neutral","Upregulate"
69,13,3,22,"Neutral","Upregulate"
70,13,NA,23,"Neutral","Upregulate"
71,13,NA,24,"Neutral","Upregulate"
72,13,0,25,"Neutral","Upregulate"
73,13,NA,26,"Neutral","Upregulate"
74,13,NA,27,"Neutral","Upregulate"
75,13,0,28,"Neutral","Upregulate"
76,13,0,29,"Neutral","Upregulate"
77,13,0,30,"Neutral","Upregulate"
78,13,0,31,"Neutral","Upregulate"
79,13,10,32,"Neutral","Upregulate"
80,13,6,33,"Neutral","Upregulate"
81,13,0,34,"Neutral","Upregulate"
82,13,0,35,"Neutral","Upregulate"
83,13,0,36,"Neutral","Upregulate"
84,13,0,37,"Neutral","Upregulate"
85,13,0,38,"Neutral","Upregulate"
86,13,0,39,"Neutral","Upregulate"
48,14,0,1,"Neutral","Upregulate"
49,14,0,2,"Neutral","Upregulate"
50,14,52,3,"Neutral","Upregulate"
51,14,0,4,"Neutral","Upregulate"
52,14,0,5,"Neutral","Upregulate"
53,14,0,6,"Neutral","Upregulate"
54,14,14,7,"Neutral","Upregulate"
55,14,0,8,"Neutral","Upregulate"
56,14,0,9,"Neutral","Upregulate"
57,14,0,10,"Neutral","Upregulate"
58,14,NA,11,"Neutral","Upregulate"
59,14,40,12,"Neutral","Upregulate"
60,14,10,13,"Neutral","Upregulate"
61,14,32,14,"Neutral","Upregulate"
62,14,0,15,"Neutral","Upregulate"
63,14,0,16,"Neutral","Upregulate"
64,14,72,17,"Neutral","Upregulate"
65,14,4,18,"Neutral","Upregulate"
66,14,NA,19,"Neutral","Upregulate"
67,14,0,20,"Neutral","Upregulate"
68,14,4,21,"Neutral","Upregulate"
69,14,0,22,"Neutral","Upregulate"
70,14,NA,23,"Neutral","Upregulate"
71,14,NA,24,"Neutral","Upregulate"
72,14,0,25,"Neutral","Upregulate"
73,14,NA,26,"Neutral","Upregulate"
74,14,NA,27,"Neutral","Upregulate"
75,14,0,28,"Neutral","Upregulate"
76,14,0,29,"Neutral","Upregulate"
77,14,0,30,"Neutral","Upregulate"
78,14,32,31,"Neutral","Upregulate"
79,14,0,32,"Neutral","Upregulate"
80,14,52,33,"Neutral","Upregulate"
81,14,0,34,"Neutral","Upregulate"
82,14,0,35,"Neutral","Upregulate"
83,14,8,36,"Neutral","Upregulate"
84,14,0,37,"Neutral","Upregulate"
85,14,0,38,"Neutral","Upregulate"
86,14,100,39,"Neutral","Upregulate"
48,15,0,1,"Neutral","Upregulate"
49,15,0,2,"Neutral","Upregulate"
50,15,42,3,"Neutral","Upregulate"
51,15,10,4,"Neutral","Upregulate"
52,15,0,5,"Neutral","Upregulate"
53,15,0,6,"Neutral","Upregulate"
54,15,0,7,"Neutral","Upregulate"
55,15,0,8,"Neutral","Upregulate"
56,15,0,9,"Neutral","Upregulate"
57,15,0,10,"Neutral","Upregulate"
58,15,NA,11,"Neutral","Upregulate"
59,15,40,12,"Neutral","Upregulate"
60,15,6,13,"Neutral","Upregulate"
61,15,0,14,"Neutral","Upregulate"
62,15,4,15,"Neutral","Upregulate"
63,15,0,16,"Neutral","Upregulate"
64,15,7,17,"Neutral","Upregulate"
65,15,0,18,"Neutral","Upregulate"
66,15,NA,19,"Neutral","Upregulate"
67,15,25,20,"Neutral","Upregulate"
68,15,0,21,"Neutral","Upregulate"
69,15,0,22,"Neutral","Upregulate"
70,15,NA,23,"Neutral","Upregulate"
71,15,NA,24,"Neutral","Upregulate"
72,15,0,25,"Neutral","Upregulate"
73,15,NA,26,"Neutral","Upregulate"
74,15,NA,27,"Neutral","Upregulate"
75,15,0,28,"Neutral","Upregulate"
76,15,0,29,"Neutral","Upregulate"
77,15,0,30,"Neutral","Upregulate"
78,15,0,31,"Neutral","Upregulate"
79,15,0,32,"Neutral","Upregulate"
80,15,57,33,"Neutral","Upregulate"
81,15,0,34,"Neutral","Upregulate"
82,15,0,35,"Neutral","Upregulate"
83,15,0,36,"Neutral","Upregulate"
84,15,0,37,"Neutral","Upregulate"
85,15,3,38,"Neutral","Upregulate"
86,15,0,39,"Neutral","Upregulate"
48,16,0,1,"Neutral","Upregulate"
49,16,0,2,"Neutral","Upregulate"
50,16,19,3,"Neutral","Upregulate"
51,16,10,4,"Neutral","Upregulate"
52,16,0,5,"Neutral","Upregulate"
53,16,0,6,"Neutral","Upregulate"
54,16,0,7,"Neutral","Upregulate"
55,16,0,8,"Neutral","Upregulate"
56,16,0,9,"Neutral","Upregulate"
57,16,8,10,"Neutral","Upregulate"
58,16,NA,11,"Neutral","Upregulate"
59,16,13,12,"Neutral","Upregulate"
60,16,5,13,"Neutral","Upregulate"
61,16,32,14,"Neutral","Upregulate"
62,16,0,15,"Neutral","Upregulate"
63,16,0,16,"Neutral","Upregulate"
64,16,7,17,"Neutral","Upregulate"
65,16,7,18,"Neutral","Upregulate"
66,16,NA,19,"Neutral","Upregulate"
67,16,0,20,"Neutral","Upregulate"
68,16,8,21,"Neutral","Upregulate"
69,16,0,22,"Neutral","Upregulate"
70,16,NA,23,"Neutral","Upregulate"
71,16,NA,24,"Neutral","Upregulate"
72,16,0,25,"Neutral","Upregulate"
73,16,NA,26,"Neutral","Upregulate"
74,16,NA,27,"Neutral","Upregulate"
75,16,0,28,"Neutral","Upregulate"
76,16,0,29,"Neutral","Upregulate"
77,16,0,30,"Neutral","Upregulate"
78,16,0,31,"Neutral","Upregulate"
79,16,0,32,"Neutral","Upregulate"
80,16,7,33,"Neutral","Upregulate"
81,16,0,34,"Neutral","Upregulate"
82,16,9,35,"Neutral","Upregulate"
83,16,10,36,"Neutral","Upregulate"
84,16,0,37,"Neutral","Upregulate"
85,16,0,38,"Neutral","Upregulate"
86,16,0,39,"Neutral","Upregulate"
